time_ms,ref_speed,actual_speed,pwm_value
Boot-up
10,0.00,0.00,0.00
20,0.00,0.00,0.00
29,0.00,0.00,0.00
39,0.00,0.00,0.00
50,0.00,0.00,0.00
60,0.00,0.00,0.00
69,0.00,0.00,0.00
80,0.00,0.00,0.00
90,0.00,0.00,0.00
99,0.00,0.00,0.00
110,0.00,0.00,0.00
119,0.00,0.00,0.00
129,0.00,0.00,0.00
139,0.00,0.00,0.00
150,0.00,0.00,0.00
160,0.00,0.00,0.00
170,0.00,0.00,0.00
180,0.00,0.00,0.00
189,0.00,0.00,0.00
199,0.00,0.00,0.00
209,0.00,0.00,0.00
219,0.00,0.00,0.00
230,0.00,0.00,0.00
239,0.00,0.00,0.00
249,0.00,0.00,0.00
259,0.00,0.00,0.00
270,0.00,0.00,0.00
279,0.00,0.00,0.00
290,0.00,0.00,0.00
299,0.00,0.00,0.00
309,0.00,0.00,0.00
319,0.00,0.00,0.00
330,0.00,0.00,0.00
339,0.00,0.00,0.00
349,0.00,0.00,0.00
360,0.00,0.00,0.00
369,0.00,0.00,0.00
380,0.00,0.00,0.00
389,0.00,0.00,0.00
399,0.00,0.00,0.00
409,0.00,0.00,0.00
420,0.00,0.00,0.00
430,0.00,0.00,0.00
440,0.00,0.00,0.00
450,0.00,0.00,0.00
459,0.00,0.00,0.00
469,0.00,0.00,0.00
480,0.00,0.00,0.00
490,0.00,0.00,0.00
500,0.00,0.00,0.00
510,0.00,0.00,0.00
519,0.00,0.00,0.00
529,0.00,0.00,0.00
540,0.00,0.00,0.00
549,0.00,0.00,0.00
559,0.00,0.00,0.00
570,0.00,0.00,0.00
579,0.00,0.00,0.00
589,0.00,0.00,0.00
600,0.00,0.00,0.00
609,0.00,0.00,0.00
619,0.00,0.00,0.00
630,0.00,0.00,0.00
639,0.00,0.00,0.00
649,0.00,0.00,0.00
660,0.00,0.00,0.00
670,0.00,0.00,0.00
680,0.00,0.00,0.00
689,0.00,0.00,0.00
700,0.00,0.00,0.00
710,0.00,0.00,0.00
719,0.00,0.00,0.00
729,0.00,0.00,0.00
739,0.00,0.00,0.00
750,0.00,0.00,0.00
759,0.00,0.00,0.00
769,0.00,0.00,0.00
780,0.00,0.00,0.00
789,0.00,0.00,0.00
799,0.00,0.00,0.00
810,0.00,0.00,0.00
819,0.00,0.00,0.00
829,0.00,0.00,0.00
840,0.00,0.00,0.00
850,0.00,0.00,0.00
860,0.00,0.00,0.00
870,0.00,0.00,0.00
879,0.00,0.00,0.00
889,0.00,0.00,0.00
900,0.00,0.00,0.00
909,0.00,0.00,0.00
919,0.00,0.00,0.00
930,0.00,0.00,0.00
939,0.00,0.00,0.00
949,0.00,0.00,0.00
960,0.00,0.00,0.00
970,0.00,0.00,0.00
980,0.00,0.00,0.00
989,0.00,0.00,0.00
999,0.00,0.00,0.00
1009,40.00,0.00,0.00
1019,40.00,0.00,0.00
1030,40.00,0.00,0.00
1039,40.00,0.00,0.00
1049,40.00,0.00,0.00
1060,40.00,0.00,0.00
1069,40.00,0.00,0.00
1079,40.00,0.00,0.00
1090,40.00,0.00,0.00
1099,40.00,0.00,0.00
1109,40.00,0.00,0.00
1119,40.00,0.00,0.00
1129,40.00,0.00,0.00
1139,40.00,0.00,0.00
1150,40.00,0.00,0.00
1159,40.00,0.00,0.00
1169,40.00,0.00,0.00
1180,40.00,0.00,0.00
1189,40.00,0.00,0.00
1199,40.00,0.00,0.00
1209,40.00,0.00,0.00
1219,40.00,0.00,0.00
1229,40.00,0.00,0.00
1240,40.00,0.00,0.00
1249,40.00,0.00,0.00
1259,40.00,0.00,0.00
1270,40.00,0.00,0.00
1279,40.00,0.00,0.00
1289,40.00,0.00,0.00
1299,40.00,0.00,0.00
1309,40.00,0.00,0.00
1319,40.00,0.00,0.00
1330,40.00,0.00,0.00
1339,40.00,0.00,0.00
1349,40.00,0.00,0.00
1360,40.00,0.00,0.00
1369,40.00,0.00,0.00
1379,40.00,0.00,0.00
1390,40.00,0.00,0.00
1399,40.00,0.00,0.00
1409,40.00,0.00,0.00
1420,40.00,0.00,0.00
1429,40.00,0.00,0.00
1439,40.00,0.00,0.00
1450,40.00,0.00,0.00
1459,40.00,0.00,0.00
1469,40.00,0.00,0.00
1480,40.00,0.00,0.00
1489,40.00,0.00,0.00
1499,40.00,0.00,0.00
1510,40.00,0.00,0.00
1519,40.00,0.00,0.00
1529,40.00,0.00,0.00
1540,40.00,0.00,0.00
1549,40.00,0.00,0.00
1559,40.00,0.00,0.00
1569,40.00,0.00,0.00
1579,40.00,0.00,0.00
1589,40.00,0.00,0.00
1599,40.00,0.00,0.00
1609,40.00,0.00,0.00
1619,40.00,0.00,0.00
1630,40.00,0.00,0.00
1639,40.00,0.00,0.00
1649,40.00,0.00,0.00
1660,40.00,0.00,0.00
1669,40.00,0.00,0.00
1679,40.00,0.00,0.00
1690,40.00,0.00,0.00
1699,40.00,0.00,0.00
1710,40.00,0.00,0.00
1719,40.00,0.00,0.00
1729,40.00,0.00,0.00
1739,40.00,0.00,0.00
1750,40.00,0.00,0.00
1759,40.00,0.00,0.00
1769,40.00,0.00,0.00
1780,40.00,0.00,0.00
1789,40.00,0.00,0.00
1799,40.00,0.00,0.00
1809,40.00,0.00,0.00
1819,40.00,0.00,0.00
1829,40.00,0.00,0.00
1840,40.00,0.00,0.00
1849,40.00,0.00,0.00
1859,40.00,0.00,0.00
1870,40.00,0.00,0.00
1879,40.00,0.00,0.00
1889,40.00,0.00,0.00
1899,40.00,0.00,0.00
1909,40.00,0.00,0.00
1919,40.00,0.00,0.00
1929,40.00,0.00,0.00
1939,40.00,0.00,0.00
1949,40.00,0.00,0.00
1960,40.00,0.00,0.00
1969,40.00,0.00,0.00
1979,40.00,0.00,0.00
1990,40.00,0.00,0.00
1999,40.00,0.00,0.00
2009,40.00,0.00,0.00
2020,40.00,0.00,0.00
2029,40.00,0.00,0.00
2039,40.00,0.00,0.00
2050,40.00,0.00,0.00
2059,40.00,0.00,0.00
2069,40.00,0.00,0.00
2079,40.00,0.00,0.00
2089,40.00,0.00,0.00
2099,40.00,0.00,0.00
2110,40.00,0.00,0.00
2119,40.00,0.00,0.00
2129,40.00,0.00,0.00
2139,40.00,0.00,0.00
2149,40.00,0.00,0.00
2159,40.00,0.00,0.00
2169,40.00,0.00,0.00
2179,40.00,0.00,0.00
2189,40.00,0.00,0.00
2200,40.00,0.00,0.00
2209,40.00,0.00,0.00
2219,40.00,0.00,0.00
2229,40.00,0.00,0.00
2239,40.00,0.00,0.00
2249,40.00,0.00,0.00
2260,40.00,0.00,0.00
2269,40.00,0.00,0.00
2279,40.00,0.00,0.00
2289,40.00,0.00,0.00
2299,40.00,0.00,0.00
2309,40.00,0.00,0.00
2320,40.00,0.00,0.00
2329,40.00,0.00,0.00
2339,40.00,0.00,0.00
2349,40.00,0.00,0.00
2359,40.00,0.00,0.00
2369,40.00,0.00,0.00
2379,40.00,0.00,0.00
2389,40.00,0.00,0.00
2399,40.00,0.00,0.00
2409,40.00,0.00,0.00
2419,40.00,0.00,0.00
2429,40.00,0.00,0.00
2439,40.00,0.00,0.00
2449,40.00,0.00,0.00
2459,40.00,0.00,0.00
2470,40.00,0.00,0.00
2479,40.00,0.00,0.00
2489,40.00,0.00,0.00
2499,40.00,0.00,0.00
2509,40.00,0.00,0.00
2519,40.00,0.00,0.00
2529,40.00,0.00,0.00
2539,40.00,0.00,0.00
2549,40.00,0.00,0.00
2559,40.00,0.00,0.00
2569,40.00,0.00,0.00
2579,40.00,0.00,0.00
2590,40.00,0.00,0.00
2599,40.00,0.00,0.00
2609,40.00,0.00,0.00
2620,40.00,0.00,0.00
2629,40.00,0.00,0.00
2639,40.00,0.00,0.00
2650,40.00,0.00,0.00
2659,40.00,0.00,0.00
2669,40.00,0.00,0.00
2679,40.00,0.00,0.00
2689,40.00,0.00,0.00
2699,40.00,0.00,0.00
2710,40.00,0.00,0.00
2719,40.00,0.00,0.00
2729,40.00,0.00,0.00
2740,40.00,0.00,0.00
2749,40.00,0.00,0.00
2759,40.00,0.00,0.00
2769,40.00,0.00,0.00
2779,40.00,0.00,0.00
2789,40.00,0.00,0.00
2799,40.00,0.00,0.00
2809,40.00,0.00,0.00
2819,40.00,0.00,0.00
2830,40.00,0.00,0.00
2839,40.00,0.00,0.00
2849,40.00,0.00,0.00
2859,40.00,0.00,0.00
2869,40.00,0.00,0.00
2879,40.00,0.00,0.00
2889,40.00,0.00,0.00
2899,40.00,0.00,0.00
2910,40.00,0.00,0.00
2919,40.00,0.00,0.00
2929,40.00,0.00,0.00
2939,40.00,0.00,0.00
2950,40.00,0.00,0.00
2959,40.00,0.00,0.00
2969,40.00,0.00,0.00
2979,40.00,0.00,0.00
2989,40.00,0.00,0.00
2999,40.00,0.00,0.00
3010,40.00,0.00,0.00
3019,40.00,0.00,0.00
3029,40.00,0.00,0.00
3039,40.00,0.00,0.00
3049,40.00,0.00,0.00
3059,40.00,0.00,0.00
3069,40.00,0.00,0.00
3079,40.00,0.00,0.00
3089,40.00,0.00,0.00
3099,40.00,0.00,0.00
3109,40.00,0.00,0.00
3119,40.00,0.00,0.00
3129,40.00,0.00,0.00
3139,40.00,0.00,0.00
3150,40.00,0.00,0.00
3159,40.00,0.00,0.00
3170,40.00,0.00,0.00
3179,40.00,0.00,0.00
3189,40.00,0.00,0.00
3199,40.00,0.00,0.00
3209,40.00,0.00,0.00
3219,40.00,0.00,0.00
3229,40.00,0.00,0.00
3239,40.00,0.00,0.00
3250,40.00,0.00,0.00
3259,40.00,0.00,0.00
3269,40.00,0.00,0.00
3280,40.00,0.00,0.00
3289,40.00,0.00,0.00
3299,40.00,0.00,0.00
3310,40.00,0.00,0.00
3319,40.00,0.00,0.00
3329,40.00,0.00,0.00
3340,40.00,0.00,0.00
3349,40.00,0.00,0.00
3359,40.00,0.00,0.00
3369,40.00,0.00,0.00
3379,40.00,0.00,0.00
3389,40.00,0.00,0.00
3400,40.00,0.00,0.00
3409,40.00,0.00,0.00
3419,40.00,0.00,0.00
3430,40.00,0.00,0.00
3439,40.00,0.00,0.00
3449,40.00,0.00,0.00
3459,40.00,0.00,0.00
3469,40.00,0.00,0.00
3479,40.00,0.00,0.00
3489,40.00,0.00,0.00
3499,40.00,0.00,0.00
3509,40.00,0.00,0.00
3519,40.00,0.00,0.00
3529,40.00,0.00,0.00
3539,40.00,0.00,0.00
3550,40.00,0.00,0.00
3559,40.00,0.00,0.00
3569,40.00,0.00,0.00
3579,40.00,0.00,0.00
Control law: PI
5460,40.00,0.00,0.00
5470,40.00,0.00,0.00
5479,40.00,0.00,0.00
5489,40.00,0.00,0.00
5500,40.00,0.00,0.00
5509,40.00,0.00,0.00
5519,40.00,0.00,0.00
5529,40.00,0.00,0.00
5539,40.00,0.00,0.00
5549,40.00,0.00,0.00
5559,40.00,0.00,0.00
5569,40.00,0.00,0.00
5579,40.00,0.00,0.00
5589,40.00,0.00,0.00
5600,40.00,0.00,0.00
5610,40.00,0.00,0.00
5619,40.00,0.00,0.00
5629,40.00,0.00,0.00
5639,40.00,0.00,0.00
5649,40.00,0.00,0.00
5659,40.00,0.00,0.00
5669,40.00,0.00,0.00
5679,40.00,0.00,0.00
5689,40.00,0.00,0.00
5699,40.00,0.00,0.00
5709,40.00,0.00,0.00
5719,40.00,0.00,0.00
5729,40.00,0.00,0.00
5739,40.00,0.00,0.00
5749,40.00,0.00,0.00
5760,40.00,0.00,0.00
5769,40.00,0.00,0.00
5779,40.00,0.00,0.00
5789,40.00,0.00,0.00
5799,40.00,0.00,0.00
5809,40.00,0.00,0.00
5819,40.00,0.00,0.00
5830,40.00,0.00,0.00
5839,40.00,0.00,0.00
5850,40.00,0.00,0.00
5859,40.00,0.00,0.00
5869,40.00,0.00,0.00
5879,40.00,0.00,0.00
5889,40.00,0.00,0.00
5899,40.00,0.00,0.00
5909,40.00,0.00,0.00
5919,40.00,0.00,0.00
5930,40.00,0.00,0.00
5940,40.00,0.00,0.00
5950,40.00,0.00,0.00
5959,40.00,0.00,0.00
5969,40.00,0.00,0.00
5979,40.00,0.00,0.00
5989,40.00,0.00,0.00
5999,40.00,0.00,0.00
6009,40.00,0.00,0.00
6019,40.00,0.00,0.00
6030,40.00,0.00,0.00
6039,40.00,0.00,0.00
6050,40.00,0.00,0.00
6060,40.00,0.00,0.00
6070,40.00,0.00,0.00
6079,40.00,0.00,0.00
6090,40.00,0.00,0.00
6100,40.00,0.00,0.00
6109,40.00,0.00,0.00
6119,40.00,0.00,0.00
6129,40.00,0.00,0.00
6139,40.00,0.00,0.00
6149,40.00,0.00,0.00
6159,40.00,0.00,0.00
6169,40.00,0.00,0.00
6180,40.00,0.00,0.00
6189,40.00,0.00,0.00
6200,40.00,0.00,0.00
6210,40.00,0.00,0.00
6220,40.00,0.00,0.00
6229,40.00,0.00,0.00
6240,40.00,0.00,0.00
6250,40.00,0.00,0.00
6259,40.00,0.00,0.00
6269,40.00,0.00,0.00
6279,40.00,0.00,0.00
6290,40.00,0.00,0.00
6300,40.00,0.00,0.00
6310,40.00,0.00,0.00
6319,40.00,0.00,0.00
6330,40.00,0.00,0.00
6339,40.00,0.00,0.00
6349,40.00,0.00,0.00
6359,40.00,0.00,0.00
6369,40.00,0.00,0.00
6380,40.00,0.00,0.00
6390,40.00,0.00,0.00
6399,40.00,0.00,0.00
6409,40.00,0.00,0.00
6419,40.00,0.00,0.00
6429,40.00,0.00,0.00
6439,40.00,0.00,0.00
6449,40.00,0.00,0.00
6460,40.00,0.00,0.00
6469,40.00,0.00,0.00
6479,40.00,0.00,0.00
6490,40.00,0.00,0.00
6499,40.00,0.00,0.00
6509,40.00,0.00,0.00
6520,40.00,0.00,0.00
6529,40.00,0.00,0.00
6539,40.00,0.00,0.00
6550,40.00,0.00,0.00
6559,40.00,0.00,0.00
6569,40.00,0.00,0.00
6579,40.00,0.00,0.00
6589,40.00,0.00,0.00
6599,40.00,0.00,0.00
6610,40.00,0.00,0.00
6619,40.00,0.00,0.00
6629,40.00,0.00,0.00
6639,40.00,0.00,0.00
6649,40.00,0.00,0.00
6659,40.00,0.00,0.00
6670,40.00,0.00,0.00
6679,40.00,0.00,0.00
6689,40.00,0.00,0.00
6699,40.00,0.00,0.00
6709,40.00,0.00,0.00
6719,40.00,0.00,0.00
6729,40.00,0.00,0.00
6739,40.00,0.00,0.00
6749,40.00,0.00,0.00
6759,40.00,0.00,0.00
6769,40.00,0.00,0.00
6779,40.00,0.00,0.00
6789,40.00,0.00,0.00
6799,40.00,0.00,0.00
6809,40.00,0.00,0.00
6819,40.00,0.00,0.00
6829,40.00,0.00,0.00
6839,40.00,0.00,0.00
6849,40.00,0.00,0.00
6859,40.00,0.00,0.00
6869,40.00,0.00,0.00
6880,40.00,0.00,0.00
6889,40.00,0.00,0.00
6899,40.00,0.00,0.00
6909,40.00,0.00,0.00
6919,40.00,0.00,0.00
6929,40.00,0.00,0.00
6939,40.00,0.00,0.00
6949,40.00,0.00,0.00
6959,40.00,0.00,0.00
6969,40.00,0.00,0.00
6979,40.00,0.00,0.00
6989,40.00,0.00,0.00
6999,40.00,0.00,0.00
7009,40.00,0.00,0.00
7019,40.00,0.00,0.00
7029,40.00,0.00,0.00
7040,40.00,0.00,0.00
7050,40.00,0.00,0.00
7059,40.00,0.00,0.00
7069,40.00,0.00,0.00
7079,40.00,0.00,0.00
7089,40.00,0.00,0.00
7099,40.00,0.00,0.00
7109,40.00,0.00,0.00
7119,40.00,0.00,0.00
7130,40.00,0.00,0.00
7139,40.00,0.00,0.00
7150,40.00,0.00,0.00
7159,40.00,0.00,0.00
7170,40.00,0.00,0.00
7179,40.00,0.00,0.00
7190,40.00,0.00,0.00
7199,40.00,0.00,0.00
7209,40.00,0.00,0.00
7219,40.00,0.00,0.00
7229,40.00,0.00,0.00
PI Kp set to 34.00
10164,60.00,0.00,0.00
10174,60.00,0.00,0.00
10184,60.00,0.00,0.00
10193,60.00,0.00,0.00
10204,60.00,0.00,0.00
10214,60.00,0.00,0.00
10224,60.00,0.00,0.00
10234,60.00,0.00,0.00
10243,60.00,0.00,0.00
10253,60.00,0.00,0.00
10264,60.00,0.00,0.00
10274,60.00,0.00,0.00
10284,60.00,0.00,0.00
10293,60.00,0.00,0.00
10304,60.00,0.00,0.00
10314,60.00,0.00,0.00
10324,60.00,0.00,0.00
10334,60.00,0.00,0.00
10344,60.00,0.00,0.00
10353,60.00,0.00,0.00
10364,60.00,0.00,0.00
10374,60.00,0.00,0.00
10384,60.00,0.00,0.00
10394,60.00,0.00,0.00
10404,60.00,0.00,0.00
10414,60.00,0.00,0.00
10424,60.00,0.00,0.00
10434,60.00,0.00,0.00
10444,60.00,0.00,0.00
10454,60.00,0.00,0.00
10463,60.00,0.00,0.00
10473,60.00,0.00,0.00
10484,60.00,0.00,0.00
10494,60.00,0.00,0.00
10504,60.00,0.00,0.00
10514,60.00,0.00,0.00
10524,60.00,0.00,0.00
10533,60.00,0.00,0.00
10544,60.00,0.00,0.00
10554,60.00,0.00,0.00
10564,60.00,0.00,0.00
10574,60.00,0.00,0.00
10584,60.00,0.00,0.00
10593,60.00,0.00,0.00
10604,60.00,0.00,0.00
10614,60.00,0.00,0.00
10624,60.00,0.00,0.00
10634,60.00,0.00,0.00
10644,60.00,0.00,0.00
10653,60.00,0.00,0.00
10664,60.00,0.00,0.00
10674,60.00,0.00,0.00
10684,60.00,0.00,0.00
10694,60.00,0.00,0.00
10704,60.00,0.00,0.00
10714,60.00,0.00,0.00
10724,60.00,0.00,0.00
10734,60.00,0.00,0.00
10743,60.00,0.00,0.00
10753,60.00,0.00,0.00
10764,60.00,0.00,0.00
10774,60.00,0.00,0.00
10784,60.00,0.00,0.00
10794,60.00,0.00,0.00
10804,60.00,0.00,0.00
10813,60.00,0.00,0.00
10824,60.00,0.00,0.00
10834,60.00,0.00,0.00
10843,60.00,0.00,0.00
10854,60.00,0.00,0.00
10864,60.00,0.00,0.00
10874,60.00,0.00,0.00
10884,60.00,0.00,0.00
10893,60.00,0.00,0.00
10904,60.00,0.00,0.00
10914,60.00,0.00,0.00
10924,60.00,0.00,0.00
10934,60.00,0.00,0.00
10944,60.00,0.00,0.00
10953,60.00,0.00,0.00
10963,60.00,0.00,0.00
10974,60.00,0.00,0.00
10984,60.00,0.00,0.00
10993,60.00,0.00,0.00
11004,60.00,0.00,0.00
11014,60.00,0.00,0.00
11024,60.00,0.00,0.00
11034,60.00,0.00,0.00
11044,60.00,0.00,0.00
11054,60.00,0.00,0.00
11064,60.00,0.00,0.00
11074,60.00,0.00,0.00
11083,60.00,0.00,0.00
11094,60.00,0.00,0.00
11104,60.00,0.00,0.00
11114,60.00,0.00,0.00
11124,60.00,0.00,0.00
11134,60.00,0.00,0.00
11144,60.00,0.00,0.00
11154,60.00,0.00,0.00
11164,60.00,0.00,0.00
11174,60.00,0.00,0.00
11183,60.00,0.00,0.00
11194,60.00,0.00,0.00
11204,60.00,0.00,0.00
11214,60.00,0.00,0.00
11224,60.00,0.00,0.00
11233,60.00,0.00,0.00
11244,60.00,0.00,0.00
11254,60.00,0.00,0.00
11263,60.00,0.00,0.00
11274,60.00,0.00,0.00
11284,60.00,0.00,0.00
11294,60.00,0.00,0.00
11303,60.00,0.00,0.00
11314,60.00,0.00,0.00
11324,60.00,0.00,0.00
11334,60.00,0.00,0.00
11344,60.00,0.00,0.00
11354,60.00,0.00,0.00
11364,60.00,0.00,0.00
11374,60.00,0.00,0.00
11384,60.00,0.00,0.00
11394,60.00,0.00,0.00
11404,60.00,0.00,0.00
11413,60.00,0.00,0.00
11424,60.00,0.00,0.00
11434,60.00,0.00,0.00
11444,60.00,0.00,0.00
11454,60.00,0.00,0.00
11464,60.00,0.00,0.00
11474,60.00,0.00,0.00
11484,60.00,0.00,0.00
11494,60.00,0.00,0.00
11504,60.00,0.00,0.00
11514,60.00,0.00,0.00
11524,60.00,0.00,0.00
11534,60.00,0.00,0.00
11544,60.00,0.00,0.00
11554,60.00,0.00,0.00
11564,60.00,0.00,0.00
11574,60.00,0.00,0.00
11584,60.00,0.00,0.00
11594,60.00,0.00,0.00
11604,60.00,0.00,0.00
11613,60.00,0.00,0.00
11623,60.00,0.00,0.00
11634,60.00,0.00,0.00
11643,60.00,0.00,0.00
11653,60.00,0.00,0.00
11664,60.00,0.00,0.00
11674,60.00,0.00,0.00
11684,60.00,0.00,0.00
11694,60.00,0.00,0.00
11703,60.00,0.00,0.00
11714,60.00,0.00,0.00
11724,60.00,0.00,0.00
11734,60.00,0.00,0.00
11744,60.00,0.00,0.00
11754,60.00,0.00,0.00
11764,60.00,0.00,0.00
11774,60.00,0.00,0.00
11784,60.00,0.00,0.00
11794,60.00,0.00,0.00
11804,60.00,0.00,0.00
11814,60.00,0.00,0.00
11824,60.00,0.00,0.00
11834,60.00,0.00,0.00
11844,60.00,0.00,0.00
11854,60.00,0.00,0.00
11864,60.00,0.00,0.00
11874,60.00,0.00,0.00
11884,60.00,0.00,0.00
11894,60.00,0.00,0.00
11904,60.00,0.00,0.00
11914,60.00,0.00,0.00
11924,60.00,0.00,0.00
11934,60.00,0.00,0.00
11944,60.00,0.00,0.00
11954,60.00,0.00,0.00
11964,60.00,0.00,0.00
11974,60.00,0.00,0.00
11984,60.00,0.00,0.00
11993,60.00,0.00,0.00
12004,60.00,0.00,0.00
12014,60.00,0.00,0.00
12024,60.00,0.00,0.00
12033,60.00,0.00,0.00
12043,60.00,0.00,0.00
12054,60.00,0.00,0.00
12064,60.00,0.00,0.00
12074,60.00,0.00,0.00
12084,60.00,0.00,0.00
12093,60.00,0.00,0.00
12103,60.00,0.00,0.00
12114,60.00,0.00,0.00
12124,60.00,0.00,0.00
12134,60.00,0.00,0.00
12144,60.00,0.00,0.00
12154,60.00,0.00,0.00
12164,60.00,0.00,0.00
12174,60.00,0.00,0.00
12184,60.00,0.00,0.00
12194,60.00,0.00,0.00
12204,60.00,0.00,0.00
12214,60.00,0.00,0.00
12223,60.00,0.00,0.00
12234,60.00,0.00,0.00
12244,60.00,0.00,0.00
12254,60.00,0.00,0.00
12264,60.00,0.00,0.00
12274,60.00,0.00,0.00
12283,60.00,0.00,0.00
12294,60.00,0.00,0.00
12304,60.00,0.00,0.00
12314,60.00,0.00,0.00
12324,60.00,0.00,0.00
12334,60.00,0.00,0.00
12344,60.00,0.00,0.00
12354,60.00,0.00,0.00
12364,60.00,0.00,0.00
12374,60.00,0.00,0.00
12384,60.00,0.00,0.00
12394,60.00,0.00,0.00
12403,60.00,0.00,0.00
12414,60.00,0.00,0.00
12424,60.00,0.00,0.00
12434,60.00,0.00,0.00
12444,60.00,0.00,0.00
12454,60.00,0.00,0.00
12464,60.00,0.00,0.00
12474,60.00,0.00,0.00
12484,60.00,0.00,0.00
12494,60.00,0.00,0.00
12504,60.00,0.00,0.00
12514,60.00,0.00,0.00
12524,60.00,0.00,0.00
12534,60.00,0.00,0.00
12544,60.00,0.00,0.00
12554,60.00,0.00,0.00
12564,60.00,0.00,0.00
12574,60.00,0.00,0.00
12584,60.00,0.00,0.00
12594,60.00,0.00,0.00
12604,60.00,0.00,0.00
12614,60.00,0.00,0.00
12623,60.00,0.00,0.00
12634,60.00,0.00,0.00
12644,60.00,0.00,0.00
12654,60.00,0.00,0.00
12664,60.00,0.00,0.00
12674,60.00,0.00,0.00
12684,60.00,0.00,0.00
12694,60.00,0.00,0.00
12703,60.00,0.00,0.00
12714,60.00,0.00,0.00
12724,60.00,0.00,0.00
12734,60.00,0.00,0.00
12743,60.00,0.00,0.00
12754,60.00,0.00,0.00
12764,60.00,0.00,0.00
12774,60.00,0.00,0.00
12783,60.00,0.00,0.00
12794,60.00,0.00,0.00
12803,60.00,0.00,0.00
12813,60.00,0.00,0.00
12824,60.00,0.00,0.00
12834,60.00,0.00,0.00
12843,60.00,0.00,0.00
12854,60.00,0.00,0.00
12864,60.00,0.00,0.00
12873,60.00,0.00,0.00
12884,60.00,0.00,0.00
12894,60.00,0.00,0.00
12903,60.00,0.00,0.00
12914,60.00,0.00,0.00
12924,60.00,0.00,0.00
12934,60.00,0.00,0.00
12943,60.00,0.00,0.00
12954,60.00,0.00,0.00
12964,60.00,0.00,0.00
12974,60.00,0.00,0.00
12984,60.00,0.00,0.00
12993,60.00,0.00,0.00
13004,60.00,0.00,0.00
13014,60.00,0.00,0.00
13024,60.00,0.00,0.00
13034,60.00,0.00,0.00
13044,60.00,0.00,0.00
13053,60.00,0.00,0.00
13064,60.00,0.00,0.00
13074,60.00,0.00,0.00
13084,60.00,0.00,0.00
13094,60.00,0.00,0.00
13104,60.00,0.00,0.00
13114,60.00,0.00,0.00
13124,60.00,0.00,0.00
13134,60.00,0.00,0.00
13144,60.00,0.00,0.00
13154,60.00,0.00,0.00
13164,60.00,0.00,0.00
13174,60.00,0.00,0.00
13184,60.00,0.00,0.00
13194,60.00,0.00,0.00
13204,60.00,0.00,0.00
13213,60.00,0.00,0.00
13223,60.00,0.00,0.00
13233,60.00,0.00,0.00
13243,60.00,0.00,0.00
13254,60.00,0.00,0.00
13263,60.00,0.00,0.00
13273,60.00,0.00,0.00
13284,60.00,0.00,0.00
13293,60.00,0.00,0.00
13304,60.00,0.00,0.00
13313,60.00,0.00,0.00
13324,60.00,0.00,0.00
13333,60.00,0.00,0.00
13344,60.00,0.00,0.00
13354,60.00,0.00,0.00
13364,60.00,0.00,0.00
13374,60.00,0.00,0.00
13384,60.00,0.00,0.00
13393,60.00,0.00,0.00
13404,60.00,0.00,0.00
13414,60.00,0.00,0.00
13424,60.00,0.00,0.00
13434,60.00,0.00,0.00
13444,60.00,0.00,0.00
13454,60.00,0.00,0.00
13464,60.00,0.00,0.00
13474,60.00,0.00,0.00
13484,60.00,0.00,0.00
13494,60.00,0.00,0.00
13504,60.00,0.00,0.00
13514,60.00,0.00,0.00
13524,60.00,0.00,0.00
13534,60.00,0.00,0.00
13544,60.00,0.00,0.00
13554,60.00,0.00,0.00
13564,60.00,0.00,0.00
13574,60.00,0.00,0.00
13584,60.00,0.00,0.00
13594,60.00,0.00,0.00
13604,60.00,0.00,0.00
13614,60.00,0.00,0.00
13624,60.00,0.00,0.00
13634,60.00,0.00,0.00
13644,60.00,0.00,0.00
13654,60.00,0.00,0.00
13664,60.00,0.00,0.00
13674,60.00,0.00,0.00
13684,60.00,0.00,0.00
13694,60.00,0.00,0.00
13703,60.00,0.00,0.00
13714,60.00,0.00,0.00
13724,60.00,0.00,0.00
13734,60.00,0.00,0.00
13744,60.00,0.00,0.00
13754,60.00,0.00,0.00
13763,60.00,0.00,0.00
13773,60.00,0.00,0.00
13783,60.00,0.00,0.00
13794,60.00,0.00,0.00
13804,60.00,0.00,0.00
13813,60.00,0.00,0.00
13824,60.00,0.00,0.00
13834,60.00,0.00,0.00
13844,60.00,0.00,0.00
13854,60.00,0.00,0.00
13864,60.00,0.00,0.00
13874,60.00,0.00,0.00
13884,60.00,0.00,0.00
13894,60.00,0.00,0.00
13903,60.00,0.00,0.00
13914,60.00,0.00,0.00
13924,60.00,0.00,0.00
13934,60.00,0.00,0.00
13944,60.00,0.00,0.00
13954,60.00,0.00,0.00
13964,60.00,0.00,0.00
13974,60.00,0.00,0.00
13984,60.00,0.00,0.00
13994,60.00,0.00,0.00
14004,60.00,0.00,0.00
14014,60.00,0.00,0.00
14024,60.00,0.00,0.00
14034,60.00,0.00,0.00
14044,60.00,0.00,0.00
14054,60.00,0.00,0.00
14063,60.00,0.00,0.00
14074,60.00,0.00,0.00
14084,60.00,0.00,0.00
14094,60.00,0.00,0.00
14103,60.00,0.00,0.00
14113,60.00,0.00,0.00
14124,60.00,0.00,0.00
14134,60.00,0.00,0.00
14143,60.00,0.00,0.00
14154,60.00,0.00,0.00
14164,60.00,0.00,0.00
14174,60.00,0.00,0.00
14184,60.00,0.00,0.00
14194,60.00,0.00,0.00
14203,60.00,0.00,0.00
14214,60.00,0.00,0.00
14224,60.00,0.00,0.00
14234,60.00,0.00,0.00
14244,60.00,0.00,0.00
14254,60.00,0.00,0.00
14264,60.00,0.00,0.00
14274,60.00,0.00,0.00
14284,60.00,0.00,0.00
14294,60.00,0.00,0.00
14304,60.00,0.00,0.00
14314,60.00,0.00,0.00
14324,60.00,0.00,0.00
14334,60.00,0.00,0.00
14344,60.00,0.00,0.00
14354,60.00,0.00,0.00
14364,60.00,0.00,0.00
14374,60.00,0.00,0.00
14384,60.00,0.00,0.00
14393,60.00,0.00,0.00
14404,60.00,0.00,0.00
14414,60.00,0.00,0.00
14424,60.00,0.00,0.00
14433,60.00,0.00,0.00
14444,60.00,0.00,0.00
14454,60.00,0.00,0.00
14464,60.00,0.00,0.00
14474,60.00,0.00,0.00
14484,60.00,0.00,0.00
14494,60.00,0.00,0.00
14504,60.00,0.00,0.00
14514,60.00,0.00,0.00
14524,60.00,0.00,0.00
14533,60.00,0.00,0.00
14544,60.00,0.00,0.00
14554,60.00,0.00,0.00
14564,60.00,0.00,0.00
14574,60.00,0.00,0.00
14584,60.00,0.00,0.00
14594,60.00,0.00,0.00
14604,60.00,0.00,0.00
14614,60.00,0.00,0.00
14623,60.00,0.00,0.00
14634,60.00,0.00,0.00
14644,60.00,0.00,0.00
14654,60.00,0.00,0.00
14664,60.00,0.00,0.00
14674,60.00,0.00,0.00
14684,60.00,0.00,0.00
14694,60.00,0.00,0.00
14704,60.00,0.00,0.00
14714,60.00,0.00,0.00
14723,60.00,0.00,0.00
14734,60.00,0.00,0.00
14743,60.00,0.00,0.00
14754,60.00,0.00,0.00
14764,60.00,0.00,0.00
14774,60.00,0.00,0.00
14784,60.00,0.00,0.00
14794,60.00,0.00,0.00
14804,60.00,0.00,0.00
14814,60.00,0.00,0.00
14824,60.00,0.00,0.00
14834,60.00,0.00,0.00
14844,60.00,0.00,0.00
14854,60.00,0.00,0.00
14864,60.00,0.00,0.00
14874,60.00,0.00,0.00
14884,60.00,0.00,0.00
14894,60.00,0.00,0.00
14904,60.00,0.00,0.00
14914,60.00,0.00,0.00
14923,60.00,0.00,0.00
14934,60.00,0.00,0.00
14944,60.00,0.00,0.00
14954,60.00,0.00,0.00
14964,60.00,0.00,0.00
14974,60.00,0.00,0.00
14984,60.00,0.00,0.00
14993,60.00,0.00,0.00
15004,60.00,0.00,0.00
15014,60.00,0.00,0.00
15024,60.00,0.00,0.00
15034,60.00,0.00,0.00
15043,60.00,0.00,0.00
15054,60.00,0.00,0.00
15064,60.00,0.00,0.00
15074,60.00,0.00,0.00
15084,60.00,0.00,0.00
15094,60.00,0.00,0.00
15104,60.00,0.00,0.00
15114,60.00,0.00,0.00
15123,60.00,0.00,0.00
15134,60.00,0.00,0.00
15144,60.00,0.00,0.00
15154,60.00,0.00,0.00
15163,60.00,0.00,0.00
15174,60.00,0.00,0.00
15184,60.00,0.00,0.00
15193,60.00,0.00,0.00
15204,60.00,0.00,0.00
15214,60.00,0.00,0.00
15224,60.00,0.00,0.00
15234,60.00,0.00,0.00
15244,60.00,0.00,0.00
15254,60.00,0.00,0.00
15263,60.00,0.00,0.00
15274,60.00,0.00,0.00
15284,60.00,0.00,0.00
15294,60.00,0.00,0.00
15304,60.00,0.00,0.00
15314,60.00,0.00,0.00
15323,60.00,0.00,0.00
15334,60.00,0.00,0.00
15344,60.00,0.00,0.00
15353,60.00,0.00,0.00
15364,60.00,0.00,0.00
15374,60.00,0.00,0.00
15384,60.00,0.00,0.00
15394,60.00,0.00,0.00
15404,60.00,0.00,0.00
15414,60.00,0.00,0.00
15424,60.00,0.00,0.00
15433,60.00,0.00,0.00
15444,60.00,0.00,0.00
15454,60.00,0.00,0.00
15464,60.00,0.00,0.00
15474,60.00,0.00,0.00
15484,60.00,0.00,0.00
15494,60.00,0.00,0.00
15504,60.00,0.00,0.00
15514,60.00,0.00,0.00
15524,60.00,0.00,0.00
15534,60.00,0.00,0.00
15544,60.00,0.00,0.00
15554,60.00,0.00,0.00
15564,60.00,0.00,0.00
15574,60.00,0.00,0.00
15584,60.00,0.00,0.00
15594,60.00,0.00,0.00
15604,60.00,0.00,0.00
15614,60.00,0.00,0.00
15624,60.00,0.00,0.00
15634,60.00,0.00,0.00
15644,60.00,0.00,0.00
15654,60.00,0.00,0.00
15664,60.00,0.00,0.00
15674,60.00,0.00,0.00
15684,60.00,0.00,0.00
15694,60.00,0.00,0.00
15704,60.00,0.00,0.00
15714,60.00,0.00,0.00
15724,60.00,0.00,0.00
15734,60.00,0.00,0.00
15744,60.00,0.00,0.00
15754,60.00,0.00,0.00
15764,60.00,0.00,0.00
15773,60.00,0.00,0.00
15784,60.00,0.00,0.00
15794,60.00,0.00,0.00
15804,60.00,0.00,0.00
15814,60.00,0.00,0.00
15824,60.00,0.00,0.00
15834,60.00,0.00,0.00
15844,60.00,0.00,0.00
15853,60.00,0.00,0.00
15864,60.00,0.00,0.00
15874,60.00,0.00,0.00
15884,60.00,0.00,0.00
15894,60.00,0.00,0.00
15904,60.00,0.00,0.00
15914,60.00,0.00,0.00
15923,60.00,0.00,0.00
15934,60.00,0.00,0.00
15944,60.00,0.00,0.00
15954,60.00,0.00,0.00
15963,60.00,0.00,0.00
15974,60.00,0.00,0.00
15984,60.00,0.00,0.00
15993,60.00,0.00,0.00
16004,60.00,0.00,0.00
16014,60.00,0.00,0.00
16023,60.00,0.00,0.00
16034,60.00,0.00,0.00
16044,60.00,0.00,0.00
16053,60.00,0.00,0.00
16064,60.00,0.00,0.00
16074,60.00,0.00,0.00
16084,60.00,0.00,0.00
16093,60.00,0.00,0.00
16104,60.00,0.00,0.00
16114,60.00,0.00,0.00
16124,60.00,0.00,0.00
16134,60.00,0.00,0.00
16144,60.00,0.00,0.00
16154,60.00,0.00,0.00
16164,60.00,0.00,0.00
16174,60.00,0.00,0.00
16184,60.00,0.00,0.00
16193,60.00,0.00,0.00
16204,60.00,0.00,0.00
16214,60.00,0.00,0.00
16224,60.00,0.00,0.00
16234,60.00,0.00,0.00
16244,60.00,0.00,0.00
16253,60.00,0.00,0.00
16264,60.00,0.00,0.00
16274,60.00,0.00,0.00
16284,60.00,0.00,0.00
16294,60.00,0.00,0.00
16304,60.00,0.00,0.00
16314,60.00,0.00,0.00
16324,60.00,0.00,0.00
16333,60.00,0.00,0.00
16343,60.00,0.00,0.00
16353,60.00,0.00,0.00
16363,60.00,0.00,0.00
16374,60.00,0.00,0.00
16384,60.00,0.00,0.00
16393,60.00,0.00,0.00
16404,60.00,0.00,0.00
16414,60.00,0.00,0.00
16423,60.00,0.00,0.00
16434,60.00,0.00,0.00
16443,60.00,0.00,0.00
16453,60.00,0.00,0.00
16464,60.00,0.00,0.00
16473,60.00,0.00,0.00
16483,60.00,0.00,0.00
16494,60.00,0.00,0.00
16503,60.00,0.00,0.00
16514,60.00,0.00,0.00
16524,60.00,0.00,0.00
16534,60.00,0.00,0.00
16544,60.00,0.00,0.00
16554,60.00,0.00,0.00
16564,60.00,0.00,0.00
16574,60.00,0.00,0.00
16584,60.00,0.00,0.00
16594,60.00,0.00,0.00
16604,60.00,0.00,0.00
16614,60.00,0.00,0.00
16624,60.00,0.00,0.00
16634,60.00,0.00,0.00
16644,60.00,0.00,0.00
16654,60.00,0.00,0.00
16663,60.00,0.00,0.00
16674,60.00,0.00,0.00
16684,60.00,0.00,0.00
16694,60.00,0.00,0.00
16704,60.00,0.00,0.00
16714,60.00,0.00,0.00
16724,60.00,0.00,0.00
16734,60.00,0.00,0.00
16744,60.00,0.00,0.00
16753,60.00,0.00,0.00
16764,60.00,0.00,0.00
16774,60.00,0.00,0.00
16784,60.00,0.00,0.00
16794,60.00,0.00,0.00
16804,60.00,0.00,0.00
16814,60.00,0.00,0.00
16824,60.00,0.00,0.00
16834,60.00,0.00,0.00
16844,60.00,0.00,0.00
16854,60.00,0.00,0.00
16864,60.00,0.00,0.00
16874,60.00,0.00,0.00
16884,60.00,0.00,0.00
16894,60.00,0.00,0.00
16904,60.00,0.00,0.00
16914,60.00,0.00,0.00
16924,60.00,0.00,0.00
16934,60.00,0.00,0.00
16943,60.00,0.00,0.00
16954,60.00,0.00,0.00
16964,60.00,0.00,0.00
16974,60.00,0.00,0.00
16983,60.00,0.00,0.00
16994,60.00,0.00,0.00
17004,60.00,0.00,0.00
17014,60.00,0.00,0.00
17024,60.00,0.00,0.00
17034,60.00,0.00,0.00
17044,60.00,0.00,0.00
17054,60.00,0.00,0.00
17064,60.00,0.00,0.00
17074,60.00,0.00,0.00
17084,60.00,0.00,0.00
17094,60.00,0.00,0.00
17104,60.00,0.00,0.00
17114,60.00,0.00,0.00
17124,60.00,0.00,0.00
17134,60.00,0.00,0.00
17144,60.00,0.00,0.00
17154,60.00,0.00,0.00
17164,60.00,0.00,0.00
17174,60.00,0.00,0.00
17184,60.00,0.00,0.00
17194,60.00,0.00,0.00
17204,60.00,0.00,0.00
17214,60.00,0.00,0.00
17224,60.00,0.00,0.00
17234,60.00,0.00,0.00
17244,60.00,0.00,0.00
17254,60.00,0.00,0.00
17264,60.00,0.00,0.00
17274,60.00,0.00,0.00
17284,60.00,0.00,0.00
17294,60.00,0.00,0.00
17304,60.00,0.00,0.00
17314,60.00,0.00,0.00
17324,60.00,0.00,0.00
17334,60.00,0.00,0.00
17344,60.00,0.00,0.00
17354,60.00,0.00,0.00
17364,60.00,0.00,0.00
17374,60.00,0.00,0.00
17384,60.00,0.00,0.00
17394,60.00,0.00,0.00
17404,60.00,0.00,0.00
17414,60.00,0.00,0.00
17424,60.00,0.00,0.00
17434,60.00,0.00,0.00
17444,60.00,0.00,0.00
17454,60.00,0.00,0.00
17464,60.00,0.00,0.00
17474,60.00,0.00,0.00
17484,60.00,0.00,0.00
17494,60.00,0.00,0.00
17504,60.00,0.00,0.00
17513,60.00,0.00,0.00
17524,60.00,0.00,0.00
17534,60.00,0.00,0.00
17544,60.00,0.00,0.00
17554,60.00,0.00,0.00
17563,60.00,0.00,0.00
17574,60.00,0.00,0.00
17584,60.00,0.00,0.00
17594,60.00,0.00,0.00
17603,60.00,0.00,0.00
17613,60.00,0.00,0.00
17623,60.00,0.00,0.00
17634,60.00,0.00,0.00
17644,60.00,0.00,0.00
17653,60.00,0.00,0.00
17664,60.00,0.00,0.00
17674,60.00,0.00,0.00
17684,60.00,0.00,0.00
17694,60.00,0.00,0.00
17704,60.00,0.00,0.00
17713,60.00,0.00,0.00
17724,60.00,0.00,0.00
17734,60.00,0.00,0.00
17744,60.00,0.00,0.00
17754,60.00,0.00,0.00
17764,60.00,0.00,0.00
17774,60.00,0.00,0.00
17784,60.00,0.00,0.00
17794,60.00,0.00,0.00
17804,60.00,0.00,0.00
17814,60.00,0.00,0.00
17824,60.00,0.00,0.00
17834,60.00,0.00,0.00
17843,60.00,0.00,0.00
17854,60.00,0.00,0.00
17864,60.00,0.00,0.00
17874,60.00,0.00,0.00
17884,60.00,0.00,0.00
17894,60.00,0.00,0.00
17904,60.00,0.00,0.00
17913,60.00,0.00,0.00
17924,60.00,0.00,0.00
17934,60.00,0.00,0.00
17944,60.00,0.00,0.00
17954,60.00,0.00,0.00
17964,60.00,0.00,0.00
17973,60.00,0.00,0.00
17983,60.00,0.00,0.00
17994,60.00,0.00,0.00
18004,60.00,0.00,0.00
18014,60.00,0.00,0.00
18023,60.00,0.00,0.00
18034,60.00,0.00,0.00
18044,60.00,0.00,0.00
18054,60.00,0.00,0.00
18063,60.00,0.00,0.00
18074,60.00,0.00,0.00
18084,60.00,0.00,0.00
18094,60.00,0.00,0.00
18103,60.00,0.00,0.00
18114,60.00,0.00,0.00
18124,60.00,0.00,0.00
18134,60.00,0.00,0.00
18144,60.00,0.00,0.00
18154,60.00,0.00,0.00
18164,60.00,0.00,0.00
18174,60.00,0.00,0.00
18184,60.00,0.00,0.00
18194,60.00,0.00,0.00
18204,60.00,0.00,0.00
18214,60.00,0.00,0.00
18224,60.00,0.00,0.00
18234,60.00,0.00,0.00
18244,60.00,0.00,0.00
18254,60.00,0.00,0.00
18264,60.00,0.00,0.00
18274,60.00,0.00,0.00
18284,60.00,0.00,0.00
18294,60.00,0.00,0.00
18304,60.00,0.00,0.00
18314,60.00,0.00,0.00
18324,60.00,0.00,0.00
18334,60.00,0.00,0.00
18344,60.00,0.00,0.00
18354,60.00,0.00,0.00
18364,60.00,0.00,0.00
18374,60.00,0.00,0.00
18384,60.00,0.00,0.00
18394,60.00,0.00,0.00
18403,60.00,0.00,0.00
18414,60.00,0.00,0.00
18424,60.00,0.00,0.00
18434,60.00,0.00,0.00
18444,60.00,0.00,0.00
18454,60.00,0.00,0.00
18464,60.00,0.00,0.00
18474,60.00,0.00,0.00
18484,60.00,0.00,0.00
18494,60.00,0.00,0.00
18504,60.00,0.00,0.00
18514,60.00,0.00,0.00
18524,60.00,0.00,0.00
18534,60.00,0.00,0.00
18544,60.00,0.00,0.00
18554,60.00,0.00,0.00
18563,60.00,0.00,0.00
18574,60.00,0.00,0.00
18583,60.00,0.00,0.00
18594,60.00,0.00,0.00
18604,60.00,0.00,0.00
18614,60.00,0.00,0.00
18624,60.00,0.00,0.00
18634,60.00,0.00,0.00
18644,60.00,0.00,0.00
18654,60.00,0.00,0.00
18664,60.00,0.00,0.00
18674,60.00,0.00,0.00
18684,60.00,0.00,0.00
18694,60.00,0.00,0.00
18704,60.00,0.00,0.00
18714,60.00,0.00,0.00
18724,60.00,0.00,0.00
18734,60.00,0.00,0.00
18744,60.00,0.00,0.00
18754,60.00,0.00,0.00
18764,60.00,0.00,0.00
18773,60.00,0.00,0.00
18784,60.00,0.00,0.00
18794,60.00,0.00,0.00
18804,60.00,0.00,0.00
18814,60.00,0.00,0.00
18824,60.00,0.00,0.00
18834,60.00,0.00,0.00
18844,60.00,0.00,0.00
18853,60.00,0.00,0.00
18864,60.00,0.00,0.00
18874,60.00,0.00,0.00
18884,60.00,0.00,0.00
18894,60.00,0.00,0.00
18904,60.00,0.00,0.00
18914,60.00,0.00,0.00
18923,60.00,0.00,0.00
18934,60.00,0.00,0.00
18944,60.00,0.00,0.00
18954,60.00,0.00,0.00
18964,60.00,0.00,0.00
18974,60.00,0.00,0.00
18984,60.00,0.00,0.00
18994,60.00,0.00,0.00
19003,60.00,0.00,0.00
19014,60.00,0.00,0.00
19024,60.00,0.00,0.00
19033,60.00,0.00,0.00
19044,60.00,0.00,0.00
19054,60.00,0.00,0.00
19064,60.00,0.00,0.00
19073,60.00,0.00,0.00
19084,60.00,0.00,0.00
19094,60.00,0.00,0.00
19103,60.00,0.00,0.00
19114,60.00,0.00,0.00
19124,60.00,0.00,0.00
19133,60.00,0.00,0.00
19144,60.00,0.00,0.00
19153,60.00,0.00,0.00
19164,60.00,0.00,0.00
19174,60.00,0.00,0.00
19183,60.00,0.00,0.00
19193,60.00,0.00,0.00
19204,60.00,0.00,0.00
19214,60.00,0.00,0.00
19224,60.00,0.00,0.00
19233,60.00,0.00,0.00
19243,60.00,0.00,0.00
19254,60.00,0.00,0.00
19263,60.00,0.00,0.00
19273,60.00,0.00,0.00
19284,60.00,0.00,0.00
19293,60.00,0.00,0.00
19303,60.00,0.00,0.00
19314,60.00,0.00,0.00
19324,60.00,0.00,0.00
19334,60.00,0.00,0.00
19344,60.00,0.00,0.00
19354,60.00,0.00,0.00
19364,60.00,0.00,0.00
19374,60.00,0.00,0.00
19384,60.00,0.00,0.00
19393,60.00,0.00,0.00
19404,60.00,0.00,0.00
19414,60.00,0.00,0.00
19424,60.00,0.00,0.00
19434,60.00,0.00,0.00
19444,60.00,0.00,0.00
19454,60.00,0.00,0.00
19463,60.00,0.00,0.00
19474,60.00,0.00,0.00
19484,60.00,0.00,0.00
19494,60.00,0.00,0.00
19504,60.00,0.00,0.00
19514,60.00,0.00,0.00
19524,60.00,0.00,0.00
19534,60.00,0.00,0.00
19544,60.00,0.00,0.00
19554,60.00,0.00,0.00
19564,60.00,0.00,0.00
19574,60.00,0.00,0.00
19584,60.00,0.00,0.00
19594,60.00,0.00,0.00
19603,60.00,0.00,0.00
19614,60.00,0.00,0.00
19624,60.00,0.00,0.00
19634,60.00,0.00,0.00
19644,60.00,0.00,0.00
19654,60.00,0.00,0.00
19664,60.00,0.00,0.00
19674,60.00,0.00,0.00
19684,60.00,0.00,0.00
19694,60.00,0.00,0.00
19704,60.00,0.00,0.00
19714,60.00,0.00,0.00
19724,60.00,0.00,0.00
19734,60.00,0.00,0.00
19744,60.00,0.00,0.00
19753,60.00,0.00,0.00
19764,60.00,0.00,0.00
19774,60.00,0.00,0.00
19784,60.00,0.00,0.00
19794,60.00,0.00,0.00
19804,60.00,0.00,0.00
19813,60.00,0.00,0.00
19824,60.00,0.00,0.00
19834,60.00,0.00,0.00
19844,60.00,0.00,0.00
19854,60.00,0.00,0.00
19864,60.00,0.00,0.00
19874,60.00,0.00,0.00
19884,60.00,0.00,0.00
19894,60.00,0.00,0.00
19904,60.00,0.00,0.00
19913,60.00,0.00,0.00
19924,60.00,0.00,0.00
19934,60.00,0.00,0.00
19944,60.00,0.00,0.00
19954,60.00,0.00,0.00
19963,60.00,0.00,0.00
19974,60.00,0.00,0.00
19984,60.00,0.00,0.00
19994,60.00,0.00,0.00
20003,60.00,0.00,0.00
20014,60.00,0.00,0.00
20024,60.00,0.00,0.00
20034,60.00,0.00,0.00
20044,60.00,0.00,0.00
20053,60.00,0.00,0.00
20064,60.00,0.00,0.00
20074,60.00,0.00,0.00
20084,60.00,0.00,0.00
20094,60.00,0.00,0.00
20104,60.00,0.00,0.00
20114,60.00,0.00,0.00
20124,60.00,0.00,0.00
20134,60.00,0.00,0.00
20144,60.00,0.00,0.00
20153,60.00,0.00,0.00
20164,60.00,0.00,0.00
20174,60.00,0.00,0.00
20184,60.00,0.00,0.00
20194,60.00,0.00,0.00
20204,60.00,0.00,0.00
20214,60.00,0.00,0.00
20224,60.00,0.00,0.00
20234,60.00,0.00,0.00
20244,60.00,0.00,0.00
20254,60.00,0.00,0.00
20264,60.00,0.00,0.00
20274,60.00,0.00,0.00
20284,60.00,0.00,0.00
20294,60.00,0.00,0.00
20303,60.00,0.00,0.00
20314,60.00,0.00,0.00
20324,60.00,0.00,0.00
20334,60.00,0.00,0.00
20344,60.00,0.00,0.00
20353,60.00,0.00,0.00
20364,60.00,0.00,0.00
20374,60.00,0.00,0.00
20384,60.00,0.00,0.00
20393,60.00,0.00,0.00
20404,60.00,0.00,0.00
20414,60.00,0.00,0.00
20424,60.00,0.00,0.00
20434,60.00,0.00,0.00
20443,60.00,0.00,0.00
20454,60.00,0.00,0.00
20464,60.00,0.00,0.00
20474,60.00,0.00,0.00
20483,60.00,0.00,0.00
20493,60.00,0.00,0.00
20504,60.00,0.00,0.00
20514,60.00,0.00,0.00
20524,60.00,0.00,0.00
20534,60.00,0.00,0.00
20543,60.00,0.00,0.00
20554,60.00,0.00,0.00
20563,60.00,0.00,0.00
20574,60.00,0.00,0.00
20583,60.00,0.00,0.00
20594,60.00,0.00,0.00
20604,60.00,0.00,0.00
20614,60.00,0.00,0.00
20624,60.00,0.00,0.00
20634,60.00,0.00,0.00
20644,60.00,0.00,0.00
20654,60.00,0.00,0.00
20663,60.00,0.00,0.00
20674,60.00,0.00,0.00
20683,60.00,0.00,0.00
20694,60.00,0.00,0.00
20704,60.00,0.00,0.00
20713,60.00,0.00,0.00
20724,60.00,0.00,0.00
20734,60.00,0.00,0.00
20744,60.00,0.00,0.00
20754,60.00,0.00,0.00
20764,60.00,0.00,0.00
20774,60.00,0.00,0.00
20784,60.00,0.00,0.00
20794,60.00,0.00,0.00
20803,60.00,0.00,0.00
20814,60.00,0.00,0.00
20823,60.00,0.00,0.00
20834,60.00,0.00,0.00
20844,60.00,0.00,0.00
20854,60.00,0.00,0.00
20864,60.00,0.00,0.00
20873,60.00,0.00,0.00
20883,60.00,0.00,0.00
20894,60.00,0.00,0.00
20904,60.00,0.00,0.00
20914,60.00,0.00,0.00
20924,60.00,0.00,0.00
20934,60.00,0.00,0.00
20943,60.00,0.00,0.00
20953,60.00,0.00,0.00
20964,60.00,0.00,0.00
20974,60.00,0.00,0.00
20983,60.00,0.00,0.00
20994,60.00,0.00,0.00
21003,60.00,0.00,0.00
21013,60.00,0.00,0.00
21024,60.00,0.00,0.00
21034,60.00,0.00,0.00
21044,60.00,0.00,0.00
21054,60.00,0.00,0.00
21063,60.00,0.00,0.00
21073,60.00,0.00,0.00
21084,60.00,0.00,0.00
21094,60.00,0.00,0.00
21103,60.00,0.00,0.00
21114,60.00,0.00,0.00
21124,60.00,0.00,0.00
21134,60.00,0.00,0.00
21144,60.00,0.00,0.00
21153,60.00,0.00,0.00
21163,60.00,0.00,0.00
21174,60.00,0.00,0.00
21184,60.00,0.00,0.00
21193,60.00,0.00,0.00
21204,60.00,0.00,0.00
21214,60.00,0.00,0.00
21224,60.00,0.00,0.00
21234,60.00,0.00,0.00
21243,60.00,0.00,0.00
21253,60.00,0.00,0.00
21264,60.00,0.00,0.00
21274,60.00,0.00,0.00
21283,60.00,0.00,0.00
21294,60.00,0.00,0.00
21304,60.00,0.00,0.00
21314,60.00,0.00,0.00
21324,60.00,0.00,0.00
21334,60.00,0.00,0.00
21343,60.00,0.00,0.00
21354,60.00,0.00,0.00
21364,60.00,0.00,0.00
21374,60.00,0.00,0.00
21384,60.00,0.00,0.00
21394,60.00,0.00,0.00
21404,60.00,0.00,0.00
21414,60.00,0.00,0.00
21424,60.00,0.00,0.00
21434,60.00,0.00,0.00
21444,60.00,0.00,0.00
21454,60.00,0.00,0.00
21464,60.00,0.00,0.00
21474,60.00,0.00,0.00
21484,60.00,0.00,0.00
21494,60.00,0.00,0.00
21504,60.00,0.00,0.00
21514,60.00,0.00,0.00
21524,60.00,0.00,0.00
21534,60.00,0.00,0.00
21544,60.00,0.00,0.00
21553,60.00,0.00,0.00
21564,60.00,0.00,0.00
21574,60.00,0.00,0.00
21584,60.00,0.00,0.00
21594,60.00,0.00,0.00
21604,60.00,0.00,0.00
21614,60.00,0.00,0.00
21624,60.00,0.00,0.00
21634,60.00,0.00,0.00
21644,60.00,0.00,0.00
21654,60.00,0.00,0.00
21664,60.00,0.00,0.00
21674,60.00,0.00,0.00
21684,60.00,0.00,0.00
21694,60.00,0.00,0.00
21704,60.00,0.00,0.00
21714,60.00,0.00,0.00
21724,60.00,0.00,0.00
21734,60.00,0.00,0.00
21744,60.00,0.00,0.00
21754,60.00,0.00,0.00
21763,60.00,0.00,0.00
21774,60.00,0.00,0.00
21784,60.00,0.00,0.00
21793,60.00,0.00,0.00
21804,60.00,0.00,0.00
21814,60.00,0.00,0.00
21824,60.00,0.00,0.00
21834,60.00,0.00,0.00
21844,60.00,0.00,0.00
21853,60.00,0.00,0.00
21864,60.00,0.00,0.00
21874,60.00,0.00,0.00
21884,60.00,0.00,0.00
21894,60.00,0.00,0.00
21904,60.00,0.00,0.00
21914,60.00,0.00,0.00
21924,60.00,0.00,0.00
21934,60.00,0.00,0.00
21944,60.00,0.00,0.00
21954,60.00,0.00,0.00
21964,60.00,0.00,0.00
21974,60.00,0.00,0.00
21984,60.00,0.00,0.00
21994,60.00,0.00,0.00
22004,60.00,0.00,0.00
22014,60.00,0.00,0.00
22024,60.00,0.00,0.00
22034,60.00,0.00,0.00
22044,60.00,0.00,0.00
22054,60.00,0.00,0.00
22064,60.00,0.00,0.00
22074,60.00,0.00,0.00
22084,60.00,0.00,0.00
22094,60.00,0.00,0.00
22104,60.00,0.00,0.00
22114,60.00,0.00,0.00
22124,60.00,0.00,0.00
22134,60.00,0.00,0.00
22144,60.00,0.00,0.00
22153,60.00,0.00,0.00
22164,60.00,0.00,0.00
22174,60.00,0.00,0.00
22184,60.00,0.00,0.00
22194,60.00,0.00,0.00
22204,60.00,0.00,0.00
22214,60.00,0.00,0.00
22224,60.00,0.00,0.00
22234,60.00,0.00,0.00
22243,60.00,0.00,0.00
22254,60.00,0.00,0.00
22264,60.00,0.00,0.00
22274,60.00,0.00,0.00
22284,60.00,0.00,0.00
22294,60.00,0.00,0.00
22304,60.00,0.00,0.00
22313,60.00,0.00,0.00
22324,60.00,0.00,0.00
22334,60.00,0.00,0.00
22344,60.00,0.00,0.00
22354,60.00,0.00,0.00
22363,60.00,0.00,0.00
22374,60.00,0.00,0.00
22384,60.00,0.00,0.00
22393,60.00,0.00,0.00
22404,60.00,0.00,0.00
22414,60.00,0.00,0.00
22424,60.00,0.00,0.00
22434,60.00,0.00,0.00
22443,60.00,0.00,0.00
22454,60.00,0.00,0.00
22464,60.00,0.00,0.00
22474,60.00,0.00,0.00
22484,60.00,0.00,0.00
22494,60.00,0.00,0.00
22504,60.00,0.00,0.00
22514,60.00,0.00,0.00
22524,60.00,0.00,0.00
22534,60.00,0.00,0.00
22544,60.00,0.00,0.00
22554,60.00,0.00,0.00
22564,60.00,0.00,0.00
22574,60.00,0.00,0.00
22584,60.00,0.00,0.00
22594,60.00,0.00,0.00
22603,60.00,0.00,0.00
22614,60.00,0.00,0.00
22624,60.00,0.00,0.00
22634,60.00,0.00,0.00
22644,60.00,0.00,0.00
22654,60.00,0.00,0.00
22664,60.00,0.00,0.00
22674,60.00,0.00,0.00
22684,60.00,0.00,0.00
22694,60.00,0.00,0.00
22704,60.00,0.00,0.00
22714,60.00,0.00,0.00
22724,60.00,0.00,0.00
22734,60.00,0.00,0.00
22744,60.00,0.00,0.00
22754,60.00,0.00,0.00
22764,60.00,0.00,0.00
22774,60.00,0.00,0.00
22784,60.00,0.00,0.00
22793,60.00,0.00,0.00
22804,60.00,0.00,0.00
22814,60.00,0.00,0.00
22824,60.00,0.00,0.00
22834,60.00,0.00,0.00
22844,60.00,0.00,0.00
22854,60.00,0.00,0.00
22864,60.00,0.00,0.00
22874,60.00,0.00,0.00
22884,60.00,0.00,0.00
22894,60.00,0.00,0.00
22904,60.00,0.00,0.00
22914,60.00,0.00,0.00
22924,60.00,0.00,0.00
22934,60.00,0.00,0.00
22943,60.00,0.00,0.00
22954,60.00,0.00,0.00
22964,60.00,0.00,0.00
22974,60.00,0.00,0.00
22984,60.00,0.00,0.00
22994,60.00,0.00,0.00
23003,60.00,0.00,0.00
23014,60.00,0.00,0.00
23024,60.00,0.00,0.00
23033,60.00,0.00,0.00
23044,60.00,0.00,0.00
23054,60.00,0.00,0.00
23064,60.00,0.00,0.00
23074,60.00,0.00,0.00
23084,60.00,0.00,0.00
23094,60.00,0.00,0.00
23104,60.00,0.00,0.00
23114,60.00,0.00,0.00
23124,60.00,0.00,0.00
23134,60.00,0.00,0.00
23144,60.00,0.00,0.00
23154,60.00,0.00,0.00
23164,60.00,0.00,0.00
23174,60.00,0.00,0.00
23184,60.00,0.00,0.00
23194,60.00,0.00,0.00
23203,60.00,0.00,0.00
23214,60.00,0.00,0.00
23224,60.00,0.00,0.00
23234,60.00,0.00,0.00
23244,60.00,0.00,0.00
23254,60.00,0.00,0.00
23263,60.00,0.00,0.00
23274,60.00,0.00,0.00
23284,60.00,0.00,0.00
23294,60.00,0.00,0.00
23304,60.00,0.00,0.00
23314,60.00,0.00,0.00
23324,60.00,0.00,0.00
23334,60.00,0.00,0.00
23344,60.00,0.00,0.00
23353,60.00,0.00,0.00
23364,60.00,0.00,0.00
23374,60.00,0.00,0.00
23384,60.00,0.00,0.00
23394,60.00,0.00,0.00
23404,60.00,0.00,0.00
23414,60.00,0.00,0.00
23424,60.00,0.00,0.00
23434,60.00,0.00,0.00
23444,60.00,0.00,0.00
23454,60.00,0.00,0.00
23464,60.00,0.00,0.00
23474,60.00,0.00,0.00
23483,60.00,0.00,0.00
23494,60.00,0.00,0.00
23504,60.00,0.00,0.00
23514,60.00,0.00,0.00
23524,60.00,0.00,0.00
23533,60.00,0.00,0.00
23544,60.00,0.00,0.00
23554,60.00,0.00,0.00
23564,60.00,0.00,0.00
23574,60.00,0.00,0.00
23584,60.00,0.00,0.00
23593,60.00,0.00,0.00
23604,60.00,0.00,0.00
23614,60.00,0.00,0.00
23624,60.00,0.00,0.00
23633,60.00,0.00,0.00
23644,60.00,0.00,0.00
23654,60.00,0.00,0.00
23664,60.00,0.00,0.00
23674,60.00,0.00,0.00
23683,60.00,0.00,0.00
23694,60.00,0.00,0.00
23704,60.00,0.00,0.00
23714,60.00,0.00,0.00
23724,60.00,0.00,0.00
23734,60.00,0.00,0.00
23744,60.00,0.00,0.00
23754,60.00,0.00,0.00
23764,60.00,0.00,0.00
23773,60.00,0.00,0.00
23784,60.00,0.00,0.00
23794,60.00,0.00,0.00
23804,60.00,0.00,0.00
23814,60.00,0.00,0.00
23824,60.00,0.00,0.00
23833,60.00,0.00,0.00
23844,60.00,0.00,0.00
23854,60.00,0.00,0.00
23864,60.00,0.00,0.00
23873,60.00,0.00,0.00
23884,60.00,0.00,0.00
23894,60.00,0.00,0.00
23904,60.00,0.00,0.00
23914,60.00,0.00,0.00
23923,60.00,0.00,0.00
23934,60.00,0.00,0.00
23944,60.00,0.00,0.00
23953,60.00,0.00,0.00
23964,60.00,0.00,0.00
23974,60.00,0.00,0.00
23983,60.00,0.00,0.00
23994,60.00,0.00,0.00
24003,60.00,0.00,0.00
24014,60.00,0.00,0.00
24024,60.00,0.00,0.00
24034,60.00,0.00,0.00
24043,60.00,0.00,0.00
24054,60.00,0.00,0.00
24064,60.00,0.00,0.00
24074,60.00,0.00,0.00
24084,60.00,0.00,0.00
24094,60.00,0.00,0.00
24103,60.00,0.00,0.00
24114,60.00,0.00,0.00
24124,60.00,0.00,0.00
24134,60.00,0.00,0.00
24144,60.00,0.00,0.00
24154,60.00,0.00,0.00
24164,60.00,0.00,0.00
24174,60.00,0.00,0.00
24184,60.00,0.00,0.00
24194,60.00,0.00,0.00
24204,60.00,0.00,0.00
24214,60.00,0.00,0.00
24224,60.00,0.00,0.00
24234,60.00,0.00,0.00
24244,60.00,0.00,0.00
24253,60.00,0.00,0.00
24264,60.00,0.00,0.00
24274,60.00,0.00,0.00
24284,60.00,0.00,0.00
24294,60.00,0.00,0.00
24304,60.00,0.00,0.00
24314,60.00,0.00,0.00
24323,60.00,0.00,0.00
24334,60.00,0.00,0.00
24344,60.00,0.00,0.00
24354,60.00,0.00,0.00
24364,60.00,0.00,0.00
24373,60.00,0.00,0.00
24384,60.00,0.00,0.00
24394,60.00,0.00,0.00
24404,60.00,0.00,0.00
24414,60.00,0.00,0.00
24424,60.00,0.00,0.00
24434,60.00,0.00,0.00
24444,60.00,0.00,0.00
24454,60.00,0.00,0.00
24464,60.00,0.00,0.00
24474,60.00,0.00,0.00
24484,60.00,0.00,0.00
24494,60.00,0.00,0.00
24504,60.00,0.00,0.00
24514,60.00,0.00,0.00
24523,60.00,0.00,0.00
24534,60.00,0.00,0.00
24544,60.00,0.00,0.00
24554,60.00,0.00,0.00
24563,60.00,0.00,0.00
24574,60.00,0.00,0.00
24584,60.00,0.00,0.00
24594,60.00,0.00,0.00
24604,60.00,0.00,0.00
24614,60.00,0.00,0.00
24624,60.00,0.00,0.00
24634,60.00,0.00,0.00
24644,60.00,0.00,0.00
24654,60.00,0.00,0.00
24664,60.00,0.00,0.00
24674,60.00,0.00,0.00
24683,60.00,0.00,0.00
24694,60.00,0.00,0.00
24703,60.00,0.00,0.00
24714,60.00,0.00,0.00
24724,60.00,0.00,0.00
24733,60.00,0.00,0.00
24744,60.00,0.00,0.00
24754,60.00,0.00,0.00
24764,60.00,0.00,0.00
24774,60.00,0.00,0.00
24784,60.00,0.00,0.00
24793,60.00,0.00,0.00
24804,60.00,0.00,0.00
24814,60.00,0.00,0.00
24824,60.00,0.00,0.00
24834,60.00,0.00,0.00
24844,60.00,0.00,0.00
24854,60.00,0.00,0.00
24864,60.00,0.00,0.00
24874,60.00,0.00,0.00
24884,60.00,0.00,0.00
24894,60.00,0.00,0.00
24904,60.00,0.00,0.00
24913,60.00,0.00,0.00
24924,60.00,0.00,0.00
24934,60.00,0.00,0.00
24944,60.00,0.00,0.00
24953,60.00,0.00,0.00
24964,60.00,0.00,0.00
24974,60.00,0.00,0.00
24984,60.00,0.00,0.00
24994,60.00,0.00,0.00
25004,60.00,0.00,0.00
25014,60.00,0.00,0.00
25024,60.00,0.00,0.00
25034,60.00,0.00,0.00
25043,60.00,0.00,0.00
25054,60.00,0.00,0.00
25064,60.00,0.00,0.00
25074,60.00,0.00,0.00
25084,60.00,0.00,0.00
25094,60.00,0.00,0.00
25103,60.00,0.00,0.00
25114,60.00,0.00,0.00
25124,60.00,0.00,0.00
25133,60.00,0.00,0.00
25144,60.00,0.00,0.00
25154,60.00,0.00,0.00
25163,60.00,0.00,0.00
25174,60.00,0.00,0.00
25184,60.00,0.00,0.00
25194,60.00,0.00,0.00
25203,60.00,0.00,0.00
25214,60.00,0.00,0.00
25224,60.00,0.00,0.00
25234,60.00,0.00,0.00
25243,60.00,0.00,0.00
25254,60.00,0.00,0.00
25264,60.00,0.00,0.00
25273,60.00,0.00,0.00
25284,60.00,0.00,0.00
25294,60.00,0.00,0.00
25304,60.00,0.00,0.00
25313,60.00,0.00,0.00
25324,60.00,0.00,0.00
25334,60.00,0.00,0.00
25344,60.00,0.00,0.00
25353,60.00,0.00,0.00
25364,60.00,0.00,0.00
25374,60.00,0.00,0.00
25383,60.00,0.00,0.00
25394,60.00,0.00,0.00
25404,60.00,0.00,0.00
25413,60.00,0.00,0.00
25424,60.00,0.00,0.00
25433,60.00,0.00,0.00
25444,60.00,0.00,0.00
25454,60.00,0.00,0.00
25463,60.00,0.00,0.00
25474,60.00,0.00,0.00
25484,60.00,0.00,0.00
25493,60.00,0.00,0.00
25504,60.00,0.00,0.00
25513,60.00,0.00,0.00
25524,60.00,0.00,0.00
25534,60.00,0.00,0.00
25543,60.00,0.00,0.00
25553,60.00,0.00,0.00
25564,60.00,0.00,0.00
25573,60.00,0.00,0.00
25584,60.00,0.00,0.00
25593,60.00,0.00,0.00
25604,60.00,0.00,0.00
25614,60.00,0.00,0.00
25624,60.00,0.00,0.00
25634,60.00,0.00,0.00
25644,60.00,0.00,0.00
25654,60.00,0.00,0.00
25663,60.00,0.00,0.00
25674,60.00,0.00,0.00
25684,60.00,0.00,0.00
25694,60.00,0.00,0.00
25703,60.00,0.00,0.00
25714,60.00,0.00,0.00
25724,60.00,0.00,0.00
25734,60.00,0.00,0.00
25744,60.00,0.00,0.00
25754,60.00,0.00,0.00
25763,60.00,0.00,0.00
25773,60.00,0.00,0.00
25784,60.00,0.00,0.00
25794,60.00,0.00,0.00
25804,60.00,0.00,0.00
25814,60.00,0.00,0.00
25824,60.00,0.00,0.00
25833,60.00,0.00,0.00
25844,60.00,0.00,0.00
25854,60.00,0.00,0.00
25864,60.00,0.00,0.00
25874,60.00,0.00,0.00
25884,60.00,0.00,0.00
25893,60.00,0.00,0.00
25903,60.00,0.00,0.00
25914,60.00,0.00,0.00
25924,60.00,0.00,0.00
25934,60.00,0.00,0.00
25943,60.00,0.00,0.00
25953,60.00,0.00,0.00
25963,60.00,0.00,0.00
25974,60.00,0.00,0.00
25983,60.00,0.00,0.00
25993,60.00,0.00,0.00
26004,60.00,0.00,0.00
26013,60.00,0.00,0.00
26023,60.00,0.00,0.00
26034,60.00,0.00,0.00
26043,60.00,0.00,0.00
26054,60.00,0.00,0.00
26064,60.00,0.00,0.00
26073,60.00,0.00,0.00
26084,60.00,0.00,0.00
26094,60.00,0.00,0.00
26103,60.00,0.00,0.00
PI Ti set to 0.03
34170,60.00,0.00,0.00
34180,60.00,0.00,0.00
34190,60.00,0.00,0.00
34199,60.00,0.00,0.00
34210,60.00,0.00,0.00
34220,60.00,0.00,0.00
34230,60.00,0.00,0.00
34239,60.00,0.00,0.00
34250,60.00,0.00,0.00
34260,60.00,0.00,0.00
34270,60.00,0.00,0.00
34280,60.00,0.00,0.00
34289,60.00,0.00,0.00
34300,60.00,0.00,0.00
34310,60.00,0.00,0.00
34320,60.00,0.00,0.00
34330,60.00,0.00,0.00
34339,60.00,0.00,0.00
34350,60.00,0.00,0.00
34360,60.00,0.00,0.00
34370,60.00,0.00,0.00
34379,60.00,0.00,0.00
34390,60.00,0.00,0.00
34400,60.00,0.00,0.00
34410,60.00,0.00,0.00
34420,60.00,0.00,0.00
34429,60.00,0.00,0.00
34440,60.00,0.00,0.00
34450,60.00,0.00,0.00
34460,60.00,0.00,0.00
34470,60.00,0.00,0.00
34480,60.00,0.00,0.00
34490,60.00,0.00,0.00
34499,60.00,0.00,0.00
34510,60.00,0.00,0.00
34520,60.00,0.00,0.00
34530,60.00,0.00,0.00
34540,60.00,0.00,0.00
34549,60.00,0.00,0.00
34560,60.00,0.00,0.00
34570,60.00,0.00,0.00
34580,60.00,0.00,0.00
34590,60.00,0.00,0.00
34600,60.00,0.00,0.00
34610,60.00,0.00,0.00
34620,60.00,0.00,0.00
34630,60.00,0.00,0.00
34639,60.00,0.00,0.00
34650,60.00,0.00,0.00
34660,60.00,0.00,0.00
34670,60.00,0.00,0.00
34680,60.00,0.00,0.00
34690,60.00,0.00,0.00
34700,60.00,0.00,0.00
34709,60.00,0.00,0.00
34720,60.00,0.00,0.00
34730,60.00,0.00,0.00
34740,60.00,0.00,0.00
34750,60.00,0.00,0.00
34759,60.00,0.00,0.00
34770,60.00,0.00,0.00
34780,60.00,0.00,0.00
34790,60.00,0.00,0.00
34799,60.00,0.00,0.00
34810,60.00,0.00,0.00
34820,60.00,0.00,0.00
34830,60.00,0.00,0.00
34840,60.00,0.00,0.00
34849,60.00,0.00,0.00
34860,60.00,0.00,0.00
34870,60.00,0.00,0.00
34880,60.00,0.00,0.00
34890,60.00,0.00,0.00
34900,60.00,0.00,0.00
34909,60.00,0.00,0.00
34920,60.00,0.00,0.00
34930,60.00,0.00,0.00
34940,60.00,0.00,0.00
34949,60.00,0.00,0.00
34960,60.00,0.00,0.00
34970,60.00,0.00,0.00
34980,60.00,0.00,0.00
34990,60.00,0.00,0.00
34999,60.00,0.00,0.00
35010,60.00,0.00,0.00
35020,60.00,0.00,0.00
35029,60.00,0.00,0.00
35040,60.00,0.00,0.00
35050,60.00,0.00,0.00
35059,60.00,0.00,0.00
35070,60.00,0.00,0.00
35080,60.00,0.00,0.00
35089,60.00,0.00,0.00
35100,60.00,0.00,0.00
35109,60.00,0.00,0.00
35120,60.00,0.00,0.00
35129,60.00,0.00,0.00
35140,60.00,0.00,0.00
35150,60.00,0.00,0.00
35159,60.00,0.00,0.00
35169,60.00,0.00,0.00
35180,60.00,0.00,0.00
35189,60.00,0.00,0.00
35200,60.00,0.00,0.00
35210,60.00,0.00,0.00
35220,60.00,0.00,0.00
35230,60.00,0.00,0.00
35240,60.00,0.00,0.00
35250,60.00,0.00,0.00
35260,60.00,0.00,0.00
35269,60.00,0.00,0.00
35280,60.00,0.00,0.00
35290,60.00,0.00,0.00
35300,60.00,0.00,0.00
35310,60.00,0.00,0.00
35320,60.00,0.00,0.00
35330,60.00,0.00,0.00
35339,60.00,0.00,0.00
35350,60.00,0.00,0.00
35360,60.00,0.00,0.00
35370,60.00,0.00,0.00
35380,60.00,0.00,0.00
35390,60.00,0.00,0.00
35399,60.00,0.00,0.00
35410,60.00,0.00,0.00
35420,60.00,0.00,0.00
35429,60.00,0.00,0.00
35440,60.00,0.00,0.00
35450,60.00,0.00,0.00
35460,60.00,0.00,0.00
35470,60.00,0.00,0.00
35479,60.00,0.00,0.00
35490,60.00,0.00,0.00
35500,60.00,0.00,0.00
35509,60.00,0.00,0.00
35520,60.00,0.00,0.00
35530,60.00,0.00,0.00
35539,60.00,0.00,0.00
35550,60.00,0.00,0.00
35560,60.00,0.00,0.00
35570,60.00,0.00,0.00
35579,60.00,0.00,0.00
35590,60.00,0.00,0.00
35600,60.00,0.00,0.00
35609,60.00,0.00,0.00
35620,60.00,0.00,0.00
35630,60.00,0.00,0.00
35640,60.00,0.00,0.00
35650,60.00,0.00,0.00
35659,60.00,0.00,0.00
35670,60.00,0.00,0.00
35679,60.00,0.00,0.00
35690,60.00,0.00,0.00
35700,60.00,0.00,0.00
35709,60.00,0.00,0.00
35720,60.00,0.00,0.00
35730,60.00,0.00,0.00
35739,60.00,0.00,0.00
35750,60.00,0.00,0.00
35759,60.00,0.00,0.00
35770,60.00,0.00,0.00
35779,60.00,0.00,0.00
35790,60.00,0.00,0.00
35800,60.00,0.00,0.00
35809,60.00,0.00,0.00
35820,60.00,0.00,0.00
35829,60.00,0.00,0.00
35840,60.00,0.00,0.00
35850,60.00,0.00,0.00
35860,60.00,0.00,0.00
35870,60.00,0.00,0.00
35880,60.00,0.00,0.00
35890,60.00,0.00,0.00
35900,60.00,0.00,0.00
35909,60.00,0.00,0.00
35920,60.00,0.00,0.00
35930,60.00,0.00,0.00
35940,60.00,0.00,0.00
35950,60.00,0.00,0.00
35960,60.00,0.00,0.00
35969,60.00,0.00,0.00
35980,60.00,0.00,0.00
35990,60.00,0.00,0.00
36000,60.00,0.00,0.00
36010,60.00,0.00,0.00
36020,60.00,0.00,0.00
36030,60.00,0.00,0.00
36040,60.00,0.00,0.00
36050,60.00,0.00,0.00
36060,60.00,0.00,0.00
36070,60.00,0.00,0.00
36080,60.00,0.00,0.00
36090,60.00,0.00,0.00
36100,60.00,0.00,0.00
36110,60.00,0.00,0.00
36120,60.00,0.00,0.00
36130,60.00,0.00,0.00
36140,60.00,0.00,0.00
36150,60.00,0.00,0.00
36159,60.00,0.00,0.00
36170,60.00,0.00,0.00
36180,60.00,0.00,0.00
36190,60.00,0.00,0.00
36200,60.00,0.00,0.00
36210,60.00,0.00,0.00
36220,60.00,0.00,0.00
36230,60.00,0.00,0.00
36239,60.00,0.00,0.00
36250,60.00,0.00,0.00
36260,60.00,0.00,0.00
36270,60.00,0.00,0.00
36280,60.00,0.00,0.00
36290,60.00,0.00,0.00
36300,60.00,0.00,0.00
36310,60.00,0.00,0.00
36319,60.00,0.00,0.00
36330,60.00,0.00,0.00
36340,60.00,0.00,0.00
36350,60.00,0.00,0.00
36359,60.00,0.00,0.00
36370,60.00,0.00,0.00
36380,60.00,0.00,0.00
36390,60.00,0.00,0.00
36399,60.00,0.00,0.00
36410,60.00,0.00,0.00
36420,60.00,0.00,0.00
36430,60.00,0.00,0.00
36439,60.00,0.00,0.00
36450,60.00,0.00,0.00
36460,60.00,0.00,0.00
36470,60.00,0.00,0.00
36479,60.00,0.00,0.00
36490,60.00,0.00,0.00
36500,60.00,0.00,0.00
36510,60.00,0.00,0.00
36520,60.00,0.00,0.00
36530,60.00,0.00,0.00
36539,60.00,0.00,0.00
36550,60.00,0.00,0.00
36560,60.00,0.00,0.00
36570,60.00,0.00,0.00
36580,60.00,0.00,0.00
36590,60.00,0.00,0.00
36599,60.00,0.00,0.00
36610,60.00,0.00,0.00
36620,60.00,0.00,0.00
36630,60.00,0.00,0.00
36640,60.00,0.00,0.00
36649,60.00,0.00,0.00
36660,60.00,0.00,0.00
36670,60.00,0.00,0.00
36680,60.00,0.00,0.00
36689,60.00,0.00,0.00
36700,60.00,0.00,0.00
36710,60.00,0.00,0.00
36720,60.00,0.00,0.00
36729,60.00,0.00,0.00
36740,60.00,0.00,0.00
36750,60.00,0.00,0.00
36760,60.00,0.00,0.00
36769,60.00,0.00,0.00
36780,60.00,0.00,0.00
36789,60.00,0.00,0.00
36800,60.00,0.00,0.00
36810,60.00,0.00,0.00
36820,60.00,0.00,0.00
36830,60.00,0.00,0.00
36840,60.00,0.00,0.00
36850,60.00,0.00,0.00
36860,60.00,0.00,0.00
36870,60.00,0.00,0.00
36880,60.00,0.00,0.00
36890,60.00,0.00,0.00
36899,60.00,0.00,0.00
36910,60.00,0.00,0.00
36920,60.00,0.00,0.00
36930,60.00,0.00,0.00
36940,60.00,0.00,0.00
36950,60.00,0.00,0.00
36959,60.00,0.00,0.00
36970,60.00,0.00,0.00
36980,60.00,0.00,0.00
36990,60.00,0.00,0.00
36999,60.00,0.00,0.00
37010,60.00,0.00,0.00
37020,60.00,0.00,0.00
37030,60.00,0.00,0.00
37039,60.00,0.00,0.00
37050,60.00,0.00,0.00
37059,60.00,0.00,0.00
37070,60.00,0.00,0.00
37080,60.00,0.00,0.00
37089,60.00,0.00,0.00
37100,60.00,0.00,0.00
37109,60.00,0.00,0.00
37120,60.00,0.00,0.00
37130,60.00,0.00,0.00
37140,60.00,0.00,0.00
37150,60.00,0.00,0.00
37159,60.00,0.00,0.00
37170,60.00,0.00,0.00
37180,60.00,0.00,0.00
37190,60.00,0.00,0.00
37199,60.00,0.00,0.00
37210,60.00,0.00,0.00
37220,60.00,0.00,0.00
37229,60.00,0.00,0.00
37240,60.00,0.00,0.00
37250,60.00,0.00,0.00
37260,60.00,0.00,0.00
37270,60.00,0.00,0.00
37279,60.00,0.00,0.00
37290,60.00,0.00,0.00
37300,60.00,0.00,0.00
37310,60.00,0.00,0.00
37319,60.00,0.00,0.00
37330,60.00,0.00,0.00
37340,60.00,0.00,0.00
37349,60.00,0.00,0.00
37360,60.00,0.00,0.00
37370,60.00,0.00,0.00
37379,60.00,0.00,0.00
37390,60.00,0.00,0.00
37400,60.00,0.00,0.00
37409,60.00,0.00,0.00
37420,60.00,0.00,0.00
37430,60.00,0.00,0.00
37439,60.00,0.00,0.00
37450,60.00,0.00,0.00
37459,60.00,0.00,0.00
37470,60.00,0.00,0.00
37480,60.00,0.00,0.00
37490,60.00,0.00,0.00
37499,60.00,0.00,0.00
37510,60.00,0.00,0.00
37519,60.00,0.00,0.00
37530,60.00,0.00,0.00
37540,60.00,0.00,0.00
37549,60.00,0.00,0.00
37560,60.00,0.00,0.00
37569,60.00,0.00,0.00
37580,60.00,0.00,0.00
37589,60.00,0.00,0.00
37600,60.00,0.00,0.00
37610,60.00,0.00,0.00
37620,60.00,0.00,0.00
37629,60.00,0.00,0.00
37640,60.00,0.00,0.00
37650,60.00,0.00,0.00
37660,60.00,0.00,0.00
37669,60.00,0.00,0.00
37680,60.00,0.00,0.00
37690,60.00,0.00,0.00
37699,60.00,0.00,0.00
37710,60.00,0.00,0.00
37719,60.00,0.00,0.00
37730,60.00,0.00,0.00
37739,60.00,0.00,0.00
37750,60.00,0.00,0.00
37759,60.00,0.00,0.00
37770,60.00,0.00,0.00
37780,60.00,0.00,0.00
37789,60.00,0.00,0.00
37800,60.00,0.00,0.00
37810,60.00,0.00,0.00
37819,60.00,0.00,0.00
37830,60.00,0.00,0.00
37840,60.00,0.00,0.00
37849,60.00,0.00,0.00
37860,60.00,0.00,0.00
37870,60.00,0.00,0.00
37880,60.00,0.00,0.00
37889,60.00,0.00,0.00
37900,60.00,0.00,0.00
37909,60.00,0.00,0.00
37920,60.00,0.00,0.00
37930,60.00,0.00,0.00
37939,60.00,0.00,0.00
37950,60.00,0.00,0.00
37959,60.00,0.00,0.00
37970,60.00,0.00,0.00
37979,60.00,0.00,0.00
37990,60.00,0.00,0.00
37999,60.00,0.00,0.00
38010,60.00,0.00,0.00
38019,60.00,0.00,0.00
38030,60.00,0.00,0.00
38039,60.00,0.00,0.00
38050,60.00,0.00,0.00
38059,60.00,0.00,0.00
38070,60.00,0.00,0.00
38079,60.00,0.00,0.00
38090,60.00,0.00,0.00
38099,60.00,0.00,0.00
38110,60.00,0.00,0.00
38120,60.00,0.00,0.00
38129,60.00,0.00,0.00
38140,60.00,0.00,0.00
38149,60.00,0.00,0.00
38160,60.00,0.00,0.00
38170,60.00,0.00,0.00
38179,60.00,0.00,0.00
38189,60.00,0.00,0.00
38200,60.00,0.00,0.00
38210,60.00,0.00,0.00
38219,60.00,0.00,0.00
38229,60.00,0.00,0.00
38240,60.00,0.00,0.00
38249,60.00,0.00,0.00
38260,60.00,0.00,0.00
38269,60.00,0.00,0.00
38280,60.00,0.00,0.00
38289,60.00,0.00,0.00
38300,60.00,0.00,0.00
38309,60.00,0.00,0.00
38320,60.00,0.00,0.00
38329,60.00,0.00,0.00
38339,60.00,0.00,0.00
38350,60.00,0.00,0.00
38359,60.00,0.00,0.00
38369,60.00,0.00,0.00
38380,60.00,0.00,0.00
38389,60.00,0.00,0.00
38399,60.00,0.00,0.00
38410,60.00,0.00,0.00
38420,60.00,0.00,0.00
38430,60.00,0.00,0.00
38440,60.00,0.00,0.00
38450,60.00,0.00,0.00
38460,60.00,0.00,0.00
38470,0.00,0.00,0.00
38480,0.00,0.00,0.00
38490,0.00,0.00,0.00
38500,0.00,0.00,0.00
38510,0.00,0.00,0.00
38520,0.00,0.00,0.00
38529,0.00,0.00,0.00
38540,0.00,0.00,0.00
38550,0.00,0.00,0.00
38560,0.00,0.00,0.00
38570,0.00,0.00,0.00
38580,0.00,0.00,0.00
38589,0.00,0.00,0.00
38600,0.00,0.00,0.00
38610,0.00,0.00,0.00
38619,0.00,0.00,0.00
38630,0.00,0.00,0.00
38640,0.00,0.00,0.00
38650,0.00,0.00,0.00
38660,0.00,0.00,0.00
38670,0.00,0.00,0.00
38680,0.00,0.00,0.00
38690,0.00,0.00,0.00
38700,0.00,0.00,0.00
38710,0.00,0.00,0.00
38720,0.00,0.00,0.00
38730,0.00,0.00,0.00
38740,0.00,0.00,0.00
38750,0.00,0.00,0.00
38760,0.00,0.00,0.00
38770,0.00,0.00,0.00
38780,0.00,0.00,0.00
38790,0.00,0.00,0.00
38800,0.00,0.00,0.00
38810,0.00,0.00,0.00
38820,0.00,0.00,0.00
38829,0.00,0.00,0.00
38840,0.00,0.00,0.00
38850,0.00,0.00,0.00
38860,0.00,0.00,0.00
38870,0.00,0.00,0.00
38880,0.00,0.00,0.00
38890,0.00,0.00,0.00
38900,0.00,0.00,0.00
38910,0.00,0.00,0.00
38920,0.00,0.00,0.00
38930,0.00,0.00,0.00
38939,0.00,0.00,0.00
38949,0.00,0.00,0.00
38960,0.00,0.00,0.00
38970,0.00,0.00,0.00
38980,0.00,0.00,0.00
38990,0.00,0.00,0.00
38999,0.00,0.00,0.00
39009,0.00,0.00,0.00
39020,0.00,0.00,0.00
39030,0.00,0.00,0.00
39040,0.00,0.00,0.00
39050,0.00,0.00,0.00
39060,0.00,0.00,0.00
39070,0.00,0.00,0.00
39080,0.00,0.00,0.00
39090,0.00,0.00,0.00
39100,0.00,0.00,0.00
39110,0.00,0.00,0.00
39119,0.00,0.00,0.00
39129,0.00,0.00,0.00
39140,0.00,0.00,0.00
39150,0.00,0.00,0.00
39160,0.00,0.00,0.00
39170,0.00,0.00,0.00
39179,0.00,0.00,0.00
39189,0.00,0.00,0.00
39200,0.00,0.00,0.00
39210,0.00,0.00,0.00
39220,0.00,0.00,0.00
39230,0.00,0.00,0.00
39240,0.00,0.00,0.00
39250,0.00,0.00,0.00
39260,0.00,0.00,0.00
39270,0.00,0.00,0.00
39280,0.00,0.00,0.00
39290,0.00,0.00,0.00
39300,0.00,0.00,0.00
39310,0.00,0.00,0.00
39320,0.00,0.00,0.00
39330,0.00,0.00,0.00
39340,0.00,0.00,0.00
39349,0.00,0.00,0.00
39360,0.00,0.00,0.00
39370,0.00,0.00,0.00
39380,0.00,0.00,0.00
39390,0.00,0.00,0.00
39400,0.00,0.00,0.00
39410,0.00,0.00,0.00
39420,0.00,0.00,0.00
39430,0.00,0.00,0.00
39439,0.00,0.00,0.00
39449,0.00,0.00,0.00
39460,0.00,0.00,0.00
39469,40.00,2.86,255.00
39479,40.00,17.14,255.00
39490,40.00,31.43,255.00
39499,40.00,40.00,22.67
39510,40.00,40.00,22.67
39520,40.00,40.00,35.62
39530,40.00,37.14,145.71
39540,40.00,37.14,171.62
39550,40.00,40.00,84.19
39559,40.00,40.00,197.52
39570,40.00,37.14,207.24
39579,40.00,40.00,110.10
39590,40.00,40.00,113.33
39600,40.00,40.00,113.33
39609,40.00,40.00,116.57
39620,40.00,40.00,119.81
39629,40.00,40.00,119.81
39640,40.00,40.00,126.29
39649,40.00,40.00,123.05
39659,40.00,40.00,123.05
39669,40.00,40.00,119.81
39680,40.00,40.00,123.05
39689,40.00,40.00,123.05
39700,40.00,40.00,126.29
39709,40.00,40.00,123.05
39719,40.00,40.00,119.81
39729,40.00,40.00,119.81
39739,40.00,40.00,119.81
39749,40.00,40.00,119.81
39759,40.00,40.00,119.81
39769,40.00,40.00,126.29
39779,40.00,40.00,123.05
39790,40.00,40.00,119.81
39800,40.00,40.00,119.81
39810,40.00,40.00,119.81
39820,40.00,40.00,126.29
39829,40.00,40.00,123.05
39840,40.00,40.00,119.81
39849,40.00,40.00,119.81
39859,40.00,40.00,119.81
39870,40.00,40.00,119.81
39879,40.00,40.00,123.05
39890,40.00,40.00,123.05
39900,40.00,40.00,123.05
39910,40.00,40.00,123.05
39920,40.00,40.00,126.29
39930,40.00,40.00,123.05
39940,40.00,40.00,123.05
39950,40.00,40.00,123.05
39959,40.00,40.00,223.43
39970,40.00,40.00,119.81
39980,40.00,40.00,113.33
39989,40.00,42.86,110.10
39999,40.00,40.00,110.10
40010,40.00,40.00,110.10
40020,40.00,37.14,210.48
40030,40.00,40.00,116.57
40039,40.00,40.00,113.33
40049,40.00,40.00,116.57
40059,40.00,40.00,116.57
40070,40.00,40.00,119.81
40079,40.00,40.00,123.05
40089,40.00,40.00,116.57
40100,40.00,40.00,119.81
40109,40.00,40.00,116.57
40120,40.00,40.00,119.81
40130,40.00,40.00,116.57
40140,40.00,40.00,119.81
40149,40.00,40.00,116.57
40159,40.00,40.00,123.05
40169,40.00,40.00,116.57
40179,40.00,40.00,116.57
40190,40.00,40.00,113.33
40200,40.00,40.00,116.57
40210,40.00,40.00,116.57
40219,40.00,40.00,123.05
40229,40.00,40.00,123.05
40239,40.00,40.00,116.57
40249,40.00,40.00,119.81
40260,40.00,40.00,123.05
40270,40.00,40.00,116.57
40280,40.00,40.00,116.57
40290,40.00,40.00,119.81
40299,40.00,40.00,123.05
40310,40.00,40.00,119.81
40319,40.00,40.00,119.81
40330,40.00,40.00,119.81
40340,40.00,40.00,116.57
40350,40.00,40.00,116.57
40359,40.00,40.00,116.57
40370,40.00,40.00,123.05
40380,40.00,40.00,123.05
40389,40.00,40.00,119.81
40400,40.00,40.00,119.81
40409,40.00,40.00,116.57
40419,40.00,40.00,123.05
40430,40.00,40.00,116.57
40440,40.00,40.00,116.57
40449,40.00,40.00,119.81
40459,40.00,40.00,119.81
40470,40.00,40.00,119.81
40479,40.00,40.00,123.05
40489,40.00,40.00,123.05
40500,40.00,40.00,123.05
40509,40.00,40.00,123.05
40519,40.00,40.00,123.05
40530,40.00,40.00,129.52
40540,40.00,40.00,126.29
40549,40.00,40.00,126.29
40559,40.00,40.00,119.81
40569,40.00,40.00,119.81
40579,40.00,40.00,119.81
40590,40.00,40.00,126.29
40600,40.00,40.00,119.81
40609,40.00,40.00,116.57
40620,40.00,40.00,119.81
40629,40.00,40.00,119.81
40639,40.00,40.00,119.81
40650,40.00,40.00,119.81
40660,40.00,40.00,123.05
40670,40.00,40.00,123.05
40680,40.00,40.00,119.81
40689,40.00,40.00,119.81
40700,40.00,40.00,123.05
40709,40.00,40.00,119.81
40719,40.00,40.00,123.05
40730,40.00,40.00,119.81
40739,40.00,40.00,119.81
40750,40.00,40.00,119.81
40759,40.00,40.00,123.05
40770,40.00,40.00,126.29
40780,40.00,40.00,119.81
40790,40.00,40.00,119.81
40800,40.00,40.00,119.81
40810,40.00,40.00,123.05
40820,40.00,40.00,123.05
40830,40.00,40.00,119.81
40839,40.00,40.00,116.57
40849,40.00,40.00,119.81
40860,40.00,40.00,119.81
40869,40.00,40.00,119.81
40879,40.00,40.00,119.81
40889,40.00,40.00,126.29
40899,40.00,40.00,119.81
40909,40.00,40.00,119.81
40919,40.00,40.00,119.81
40929,40.00,40.00,123.05
40939,40.00,40.00,123.05
40949,40.00,40.00,119.81
40959,40.00,40.00,119.81
40970,40.00,40.00,119.81
40979,40.00,40.00,119.81
40990,40.00,40.00,123.05
41000,40.00,40.00,126.29
41010,40.00,40.00,119.81
41020,40.00,40.00,119.81
41030,40.00,40.00,119.81
41039,40.00,40.00,119.81
41049,40.00,40.00,119.81
41059,40.00,40.00,126.29
41069,40.00,40.00,119.81
41079,40.00,40.00,119.81
41089,40.00,40.00,119.81
41100,40.00,40.00,119.81
41110,40.00,40.00,123.05
41120,40.00,40.00,123.05
41130,40.00,40.00,119.81
41140,40.00,40.00,119.81
41150,40.00,40.00,119.81
41160,40.00,40.00,126.29
41169,40.00,40.00,119.81
41179,40.00,40.00,119.81
41190,40.00,40.00,116.57
41199,40.00,40.00,119.81
41209,40.00,40.00,119.81
41219,40.00,40.00,119.81
41230,40.00,40.00,123.05
41240,40.00,40.00,123.05
41250,40.00,40.00,119.81
41260,40.00,40.00,119.81
41270,40.00,40.00,119.81
41279,40.00,40.00,119.81
41290,40.00,40.00,126.29
41300,40.00,40.00,119.81
41309,40.00,40.00,119.81
41319,40.00,40.00,119.81
41329,40.00,40.00,119.81
41340,40.00,40.00,123.05
41349,40.00,40.00,123.05
41359,40.00,40.00,119.81
41370,40.00,40.00,119.81
41379,40.00,40.00,119.81
41390,40.00,40.00,119.81
41400,40.00,40.00,119.81
41409,40.00,40.00,126.29
41419,40.00,40.00,123.05
41429,40.00,40.00,119.81
41439,40.00,40.00,119.81
41449,40.00,40.00,123.05
41459,40.00,40.00,123.05
41470,40.00,40.00,123.05
41480,40.00,40.00,123.05
41490,40.00,40.00,119.81
41500,40.00,40.00,119.81
41510,40.00,40.00,119.81
41519,40.00,40.00,123.05
41530,40.00,40.00,123.05
41540,40.00,40.00,119.81
41550,40.00,40.00,119.81
41559,40.00,40.00,116.57
41569,40.00,40.00,119.81
41580,40.00,40.00,119.81
41590,40.00,40.00,123.05
41600,40.00,40.00,123.05
41610,40.00,40.00,119.81
41620,40.00,40.00,119.81
41630,40.00,40.00,119.81
41639,40.00,40.00,119.81
41649,40.00,40.00,119.81
41659,40.00,40.00,126.29
41669,40.00,40.00,119.81
41679,40.00,40.00,119.81
41690,40.00,40.00,119.81
41699,40.00,40.00,119.81
41709,40.00,40.00,123.05
41719,40.00,40.00,123.05
41730,40.00,40.00,119.81
41739,40.00,40.00,119.81
41749,40.00,40.00,119.81
41759,40.00,40.00,126.29
41770,40.00,40.00,119.81
41780,40.00,40.00,116.57
41789,40.00,40.00,116.57
41799,40.00,40.00,119.81
41809,40.00,40.00,119.81
41820,40.00,40.00,123.05
41830,40.00,40.00,123.05
41840,40.00,40.00,119.81
41849,40.00,40.00,119.81
41860,40.00,40.00,119.81
41870,40.00,40.00,119.81
41879,40.00,40.00,123.05
41890,40.00,40.00,126.29
41900,40.00,40.00,119.81
41909,40.00,40.00,119.81
41919,40.00,40.00,119.81
41929,40.00,40.00,119.81
41939,40.00,40.00,126.29
41949,40.00,40.00,119.81
41959,40.00,40.00,119.81
41970,40.00,40.00,119.81
41980,40.00,40.00,123.05
41989,40.00,40.00,119.81
42000,40.00,40.00,123.05
42010,40.00,40.00,123.05
42020,40.00,40.00,119.81
42029,40.00,40.00,119.81
42040,40.00,40.00,119.81
42049,40.00,40.00,119.81
42059,40.00,40.00,123.05
42069,40.00,40.00,123.05
42079,40.00,40.00,119.81
42089,40.00,40.00,119.81
42099,40.00,40.00,119.81
42109,40.00,40.00,119.81
42119,40.00,40.00,126.29
42129,40.00,40.00,119.81
42139,40.00,40.00,119.81
42150,40.00,40.00,119.81
42160,40.00,40.00,119.81
42170,40.00,40.00,126.29
42180,40.00,40.00,119.81
42189,40.00,40.00,119.81
42200,40.00,40.00,119.81
42210,40.00,40.00,119.81
42220,40.00,40.00,123.05
42229,40.00,40.00,123.05
42239,40.00,40.00,119.81
42250,40.00,40.00,119.81
42260,40.00,40.00,119.81
42269,40.00,40.00,123.05
42279,40.00,40.00,123.05
42290,40.00,40.00,119.81
42299,40.00,40.00,119.81
42309,40.00,40.00,119.81
42319,40.00,40.00,119.81
42330,40.00,40.00,119.81
42339,40.00,40.00,126.29
42350,40.00,40.00,123.05
42360,40.00,40.00,119.81
42369,40.00,40.00,123.05
42380,40.00,40.00,119.81
42389,40.00,40.00,123.05
42399,40.00,40.00,119.81
42409,40.00,40.00,119.81
42420,40.00,40.00,126.29
42430,40.00,40.00,119.81
42439,40.00,42.86,116.57
42450,40.00,37.14,216.95
42459,40.00,42.86,119.81
42470,40.00,40.00,119.81
42479,40.00,40.00,113.33
42489,40.00,40.00,113.33
42499,40.00,40.00,119.81
42509,40.00,40.00,119.81
42519,40.00,40.00,119.81
42529,40.00,37.14,119.81
42539,40.00,40.00,123.05
42550,40.00,40.00,123.05
42560,40.00,40.00,123.05
42569,40.00,40.00,126.29
42580,40.00,40.00,123.05
42590,40.00,40.00,123.05
42599,40.00,40.00,123.05
42610,40.00,40.00,123.05
42620,40.00,40.00,123.05
42629,40.00,40.00,126.29
42640,40.00,40.00,123.05
42650,40.00,40.00,123.05
42659,40.00,40.00,123.05
42670,40.00,40.00,126.29
42679,40.00,40.00,123.05
42689,40.00,40.00,123.05
42700,40.00,40.00,123.05
42710,40.00,40.00,123.05
42720,40.00,40.00,126.29
42730,40.00,40.00,126.29
42740,40.00,42.86,119.81
42749,40.00,40.00,119.81
42760,40.00,40.00,116.57
42769,40.00,40.00,113.33
42780,40.00,40.00,116.57
42790,40.00,40.00,119.81
42800,40.00,40.00,119.81
42810,40.00,40.00,119.81
42819,40.00,40.00,119.81
42830,40.00,37.14,223.43
42839,40.00,42.86,123.05
42850,40.00,40.00,113.33
42859,40.00,40.00,110.10
42869,40.00,40.00,106.86
42880,40.00,40.00,110.10
42890,40.00,40.00,210.48
42900,40.00,40.00,116.57
42910,40.00,40.00,110.10
42919,40.00,40.00,213.71
42930,40.00,40.00,110.10
42940,40.00,40.00,110.10
42950,40.00,40.00,110.10
42960,40.00,40.00,113.33
42970,40.00,40.00,116.57
42980,40.00,40.00,119.81
42990,40.00,40.00,119.81
42999,40.00,40.00,116.57
43009,40.00,40.00,119.81
43019,40.00,40.00,123.05
43030,40.00,40.00,119.81
43039,40.00,40.00,116.57
43049,40.00,40.00,123.05
43060,40.00,40.00,116.57
43069,40.00,40.00,116.57
43079,40.00,40.00,116.57
43089,40.00,40.00,116.57
43099,40.00,40.00,119.81
43110,40.00,40.00,123.05
43119,40.00,40.00,119.81
43129,40.00,40.00,123.05
43139,40.00,40.00,119.81
43150,40.00,40.00,116.57
43160,40.00,40.00,119.81
43170,40.00,40.00,119.81
43180,40.00,40.00,116.57
43190,40.00,40.00,119.81
43200,40.00,40.00,119.81
43210,40.00,40.00,116.57
43219,40.00,40.00,116.57
43229,40.00,40.00,123.05
43240,40.00,40.00,116.57
43249,40.00,40.00,116.57
43259,40.00,40.00,116.57
43269,40.00,40.00,123.05
43279,40.00,40.00,116.57
43289,40.00,40.00,116.57
43300,40.00,40.00,123.05
43309,40.00,40.00,116.57
43319,40.00,40.00,116.57
43330,40.00,40.00,119.81
43340,40.00,40.00,119.81
43350,40.00,40.00,116.57
43360,40.00,40.00,116.57
43369,40.00,40.00,123.05
43380,40.00,40.00,119.81
43390,40.00,40.00,116.57
43400,40.00,40.00,123.05
43410,40.00,40.00,119.81
43420,40.00,40.00,116.57
43429,40.00,40.00,116.57
43439,40.00,40.00,123.05
43449,40.00,40.00,119.81
43459,40.00,40.00,116.57
43469,40.00,40.00,123.05
43480,40.00,40.00,119.81
43489,40.00,40.00,116.57
43499,40.00,40.00,116.57
43510,40.00,40.00,123.05
43519,40.00,40.00,119.81
43529,40.00,40.00,116.57
43540,40.00,40.00,116.57
43550,40.00,40.00,123.05
43560,40.00,40.00,123.05
43570,40.00,40.00,123.05
43580,40.00,40.00,123.05
43589,40.00,40.00,123.05
43600,40.00,37.14,223.43
43609,40.00,42.86,126.29
43619,40.00,40.00,123.05
43629,40.00,40.00,16.19
43639,40.00,40.00,213.71
43649,40.00,40.00,16.19
43660,40.00,40.00,113.33
43670,40.00,40.00,113.33
43679,40.00,40.00,216.95
43690,40.00,40.00,116.57
43699,40.00,40.00,113.33
43709,40.00,40.00,110.10
43720,40.00,40.00,113.33
43729,40.00,40.00,213.71
43740,40.00,40.00,113.33
43750,40.00,40.00,113.33
43759,40.00,40.00,213.71
43769,40.00,40.00,16.19
43780,40.00,40.00,113.33
43790,40.00,40.00,113.33
43799,40.00,40.00,216.95
43810,40.00,40.00,116.57
43819,40.00,40.00,113.33
43830,40.00,40.00,110.10
43839,40.00,40.00,113.33
43849,40.00,40.00,113.33
43860,40.00,40.00,119.81
43870,40.00,40.00,119.81
43880,40.00,40.00,119.81
43889,40.00,40.00,126.29
43899,40.00,40.00,119.81
43909,40.00,40.00,119.81
43920,40.00,40.00,119.81
43929,40.00,40.00,119.81
43939,40.00,40.00,119.81
43950,40.00,40.00,123.05
43959,40.00,40.00,126.29
43969,40.00,40.00,119.81
43979,40.00,40.00,123.05
43990,40.00,40.00,123.05
44000,40.00,40.00,119.81
44009,40.00,40.00,119.81
44019,40.00,40.00,119.81
44029,40.00,40.00,119.81
44039,40.00,40.00,123.05
44049,40.00,40.00,123.05
44059,40.00,40.00,119.81
44070,40.00,40.00,119.81
44079,40.00,40.00,126.29
44090,40.00,40.00,119.81
44099,40.00,40.00,119.81
44109,40.00,40.00,119.81
44119,40.00,40.00,119.81
44129,40.00,40.00,119.81
44139,40.00,40.00,126.29
44149,40.00,40.00,119.81
44159,40.00,40.00,119.81
44169,40.00,40.00,119.81
44179,40.00,40.00,123.05
44189,40.00,40.00,123.05
44199,40.00,40.00,126.29
44210,40.00,40.00,123.05
44219,40.00,40.00,119.81
44230,40.00,40.00,119.81
44239,40.00,40.00,126.29
44249,40.00,40.00,119.81
44259,40.00,40.00,119.81
44269,40.00,40.00,119.81
44280,40.00,40.00,119.81
44289,40.00,40.00,126.29
44300,40.00,40.00,119.81
44309,40.00,40.00,119.81
44320,40.00,40.00,119.81
44329,40.00,40.00,119.81
44340,40.00,40.00,126.29
44349,40.00,40.00,123.05
44360,40.00,40.00,119.81
44370,40.00,40.00,119.81
44379,40.00,40.00,123.05
44389,40.00,40.00,123.05
44400,40.00,40.00,119.81
44409,40.00,40.00,119.81
44419,40.00,40.00,119.81
44429,40.00,40.00,119.81
44439,40.00,40.00,126.29
44450,40.00,40.00,119.81
44459,40.00,40.00,119.81
44469,40.00,40.00,119.81
44479,40.00,40.00,119.81
44489,40.00,40.00,119.81
44499,40.00,40.00,126.29
44509,40.00,40.00,123.05
44519,40.00,40.00,119.81
44530,40.00,40.00,119.81
44540,40.00,40.00,119.81
44549,40.00,40.00,119.81
44559,40.00,40.00,126.29
44570,40.00,40.00,123.05
44579,40.00,40.00,119.81
44590,40.00,40.00,119.81
44600,40.00,40.00,119.81
44610,40.00,40.00,119.81
44619,40.00,40.00,126.29
44629,40.00,40.00,119.81
44639,40.00,40.00,119.81
44650,40.00,40.00,119.81
44659,40.00,40.00,126.29
44669,40.00,40.00,119.81
44679,40.00,40.00,119.81
44689,40.00,40.00,119.81
44699,40.00,40.00,119.81
44710,40.00,40.00,123.05
44719,40.00,40.00,123.05
44729,40.00,40.00,123.05
44739,40.00,40.00,126.29
44750,40.00,40.00,123.05
44760,40.00,40.00,119.81
44769,40.00,40.00,119.81
44779,40.00,40.00,123.05
44789,40.00,40.00,123.05
44799,40.00,40.00,119.81
44810,40.00,40.00,119.81
44819,40.00,40.00,119.81
44829,40.00,40.00,119.81
44839,40.00,40.00,126.29
44850,40.00,40.00,123.05
44859,40.00,40.00,119.81
44870,40.00,40.00,123.05
44879,40.00,40.00,123.05
44889,40.00,40.00,119.81
44899,40.00,40.00,126.29
44910,40.00,40.00,119.81
44920,40.00,40.00,119.81
44930,40.00,40.00,119.81
44939,40.00,40.00,119.81
44949,40.00,40.00,119.81
44959,40.00,40.00,126.29
44969,40.00,40.00,126.29
44979,40.00,40.00,119.81
44989,40.00,40.00,119.81
45000,40.00,40.00,119.81
45009,40.00,40.00,126.29
45019,40.00,40.00,119.81
45029,40.00,40.00,119.81
45039,40.00,40.00,119.81
45050,40.00,40.00,123.05
45060,40.00,40.00,123.05
45069,40.00,40.00,119.81
45079,40.00,40.00,119.81
45090,40.00,40.00,119.81
45099,40.00,40.00,126.29
45110,40.00,40.00,119.81
45119,40.00,40.00,119.81
45130,40.00,40.00,119.81
45140,40.00,40.00,123.05
45150,40.00,40.00,123.05
45160,40.00,40.00,119.81
45170,40.00,40.00,119.81
45180,40.00,40.00,119.81
45189,40.00,40.00,123.05
45200,40.00,40.00,123.05
45210,40.00,40.00,119.81
45219,40.00,40.00,123.05
45230,40.00,40.00,123.05
45240,40.00,40.00,119.81
45249,40.00,40.00,119.81
45259,40.00,40.00,119.81
45269,40.00,40.00,123.05
45280,40.00,40.00,123.05
45290,40.00,40.00,126.29
45300,40.00,40.00,123.05
45309,40.00,40.00,119.81
45320,40.00,40.00,126.29
45330,40.00,40.00,119.81
45339,40.00,40.00,119.81
45349,40.00,40.00,119.81
45360,40.00,40.00,119.81
45370,40.00,40.00,123.05
45380,40.00,40.00,126.29
45389,40.00,40.00,123.05
45400,40.00,40.00,119.81
45410,40.00,40.00,119.81
45419,40.00,40.00,123.05
45429,40.00,40.00,119.81
45439,40.00,40.00,123.05
45449,40.00,40.00,119.81
45460,40.00,40.00,123.05
45470,40.00,40.00,123.05
45479,40.00,40.00,126.29
45489,40.00,40.00,119.81
45499,40.00,40.00,119.81
45509,40.00,40.00,119.81
45519,40.00,40.00,119.81
45529,40.00,40.00,119.81
45539,40.00,40.00,123.05
45550,40.00,40.00,126.29
45559,40.00,40.00,119.81
45569,40.00,40.00,119.81
45580,40.00,40.00,123.05
45590,40.00,40.00,119.81
45600,40.00,40.00,119.81
45609,40.00,40.00,119.81
45619,40.00,40.00,126.29
45630,40.00,40.00,123.05
45639,40.00,40.00,119.81
45649,40.00,40.00,119.81
45659,40.00,40.00,123.05
45669,40.00,40.00,119.81
45679,40.00,40.00,123.05
45689,40.00,40.00,119.81
45699,40.00,40.00,119.81
45709,40.00,40.00,126.29
45719,40.00,40.00,119.81
45729,40.00,40.00,119.81
45739,40.00,40.00,119.81
45749,40.00,40.00,119.81
45759,40.00,40.00,119.81
45769,40.00,40.00,126.29
45779,40.00,40.00,123.05
45789,40.00,40.00,119.81
45799,40.00,40.00,119.81
45809,40.00,40.00,119.81
45819,40.00,40.00,126.29
45829,40.00,40.00,123.05
45839,40.00,40.00,119.81
45849,40.00,40.00,119.81
45859,40.00,40.00,119.81
45869,40.00,40.00,119.81
45879,40.00,40.00,119.81
45889,40.00,40.00,126.29
45899,40.00,40.00,123.05
45909,40.00,40.00,119.81
45920,40.00,40.00,119.81
45929,40.00,40.00,119.81
45940,40.00,40.00,123.05
45950,40.00,40.00,119.81
45959,40.00,40.00,123.05
45969,40.00,40.00,119.81
45979,40.00,40.00,119.81
45990,40.00,40.00,123.05
45999,40.00,40.00,119.81
46009,40.00,40.00,123.05
46019,40.00,40.00,119.81
46029,40.00,40.00,119.81
46040,40.00,40.00,123.05
46050,40.00,40.00,123.05
46059,40.00,40.00,126.29
46070,40.00,40.00,119.81
46080,40.00,40.00,119.81
46089,40.00,40.00,119.81
46100,40.00,40.00,126.29
46110,40.00,40.00,123.05
46120,40.00,40.00,119.81
46130,40.00,40.00,119.81
46139,40.00,40.00,119.81
46150,40.00,40.00,119.81
46160,40.00,40.00,126.29
46169,40.00,40.00,119.81
46179,40.00,40.00,119.81
46189,40.00,40.00,119.81
46199,40.00,40.00,119.81
46209,40.00,40.00,123.05
46219,40.00,40.00,123.05
46230,40.00,40.00,119.81
46239,40.00,40.00,119.81
46249,40.00,40.00,119.81
46260,40.00,40.00,126.29
46269,40.00,40.00,119.81
46279,40.00,40.00,119.81
46290,40.00,40.00,119.81
46299,40.00,40.00,119.81
46309,40.00,40.00,119.81
46320,40.00,40.00,119.81
46329,40.00,40.00,126.29
46339,40.00,40.00,123.05
46349,40.00,40.00,119.81
46359,40.00,40.00,119.81
46369,40.00,40.00,119.81
46380,40.00,40.00,126.29
46389,40.00,40.00,123.05
46399,40.00,40.00,119.81
46410,40.00,40.00,119.81
46419,40.00,40.00,119.81
46429,40.00,40.00,126.29
46440,40.00,40.00,119.81
46449,40.00,40.00,119.81
46459,40.00,40.00,119.81
46469,60.00,40.00,255.00
46480,60.00,48.57,255.00
46490,60.00,57.14,226.67
46499,60.00,57.14,252.57
46510,60.00,60.00,155.43
46519,60.00,60.00,155.43
46529,60.00,60.00,155.43
46539,60.00,60.00,155.43
46549,60.00,60.00,155.43
46559,60.00,60.00,155.43
46569,60.00,60.00,155.43
46580,60.00,60.00,155.43
46589,60.00,60.00,255.00
46599,60.00,60.00,155.43
46610,60.00,60.00,152.19
46619,60.00,57.14,252.57
46630,60.00,60.00,155.43
46639,60.00,60.00,155.43
46649,60.00,60.00,152.19
46660,60.00,60.00,155.43
46669,60.00,60.00,155.43
46680,60.00,60.00,152.19
46690,60.00,60.00,155.43
46699,60.00,60.00,255.00
46709,60.00,60.00,55.05
46720,60.00,60.00,152.19
46729,60.00,57.14,252.57
46740,60.00,60.00,155.43
46750,60.00,60.00,155.43
46760,60.00,60.00,152.19
46769,60.00,60.00,155.43
46779,60.00,60.00,155.43
46789,60.00,60.00,155.43
46800,60.00,60.00,152.19
46810,60.00,60.00,155.43
46820,60.00,57.14,255.00
46829,60.00,60.00,155.43
46840,60.00,60.00,155.43
46850,60.00,60.00,155.43
46860,60.00,60.00,155.43
46870,60.00,60.00,152.19
46879,60.00,60.00,155.43
46890,60.00,60.00,155.43
46900,60.00,60.00,155.43
46909,60.00,60.00,155.43
46919,60.00,57.14,155.43
46930,60.00,60.00,155.43
46940,60.00,60.00,155.43
46949,60.00,60.00,152.19
46959,60.00,60.00,155.43
46970,60.00,60.00,155.43
46980,60.00,60.00,152.19
46990,60.00,60.00,155.43
46999,60.00,57.14,155.43
47010,60.00,60.00,155.43
47020,60.00,60.00,155.43
47030,60.00,60.00,152.19
47040,60.00,60.00,152.19
47049,60.00,60.00,155.43
47060,60.00,60.00,152.19
47069,60.00,60.00,155.43
47080,60.00,57.14,255.00
47090,60.00,62.86,55.05
47100,60.00,60.00,152.19
47109,60.00,57.14,152.19
47120,60.00,60.00,155.43
47130,60.00,60.00,155.43
47140,60.00,60.00,155.43
47149,60.00,60.00,155.43
47160,60.00,60.00,155.43
47170,60.00,57.14,255.00
47180,60.00,62.86,55.05
47190,60.00,60.00,152.19
47199,60.00,57.14,152.19
47210,60.00,60.00,155.43
47219,60.00,60.00,155.43
47229,60.00,60.00,152.19
47239,60.00,60.00,155.43
47249,60.00,60.00,155.43
47259,60.00,60.00,155.43
47270,60.00,57.14,255.00
47279,60.00,60.00,155.43
47290,60.00,60.00,152.19
47300,60.00,60.00,155.43
47310,60.00,60.00,155.43
47320,60.00,60.00,152.19
47329,60.00,60.00,155.43
47340,60.00,60.00,155.43
47350,60.00,60.00,152.19
47360,60.00,60.00,155.43
47369,60.00,57.14,155.43
47380,60.00,60.00,155.43
47389,60.00,60.00,155.43
47399,60.00,60.00,148.95
47410,60.00,60.00,155.43
47420,60.00,60.00,155.43
47430,60.00,60.00,152.19
47439,60.00,60.00,255.00
47449,60.00,60.00,51.81
47460,60.00,60.00,145.71
47469,60.00,60.00,152.19
47480,60.00,57.14,255.00
47489,60.00,60.00,155.43
47499,60.00,60.00,155.43
47510,60.00,60.00,155.43
47520,60.00,60.00,155.43
47529,60.00,60.00,148.95
47540,60.00,60.00,148.95
47549,60.00,60.00,155.43
47560,60.00,60.00,155.43
47570,60.00,60.00,155.43
47579,60.00,57.14,155.43
47589,60.00,60.00,155.43
47600,60.00,60.00,155.43
47609,60.00,60.00,152.19
47619,60.00,60.00,155.43
47630,60.00,60.00,155.43
47640,60.00,60.00,155.43
47650,60.00,60.00,155.43
47659,60.00,57.14,155.43
47669,60.00,60.00,155.43
47680,60.00,60.00,155.43
47689,60.00,60.00,155.43
47700,60.00,60.00,155.43
47709,60.00,60.00,155.43
47719,60.00,57.14,255.00
47730,60.00,62.86,51.81
47739,60.00,60.00,249.33
47750,60.00,60.00,148.95
47760,60.00,57.14,252.57
47770,60.00,60.00,155.43
47779,60.00,60.00,155.43
47789,60.00,60.00,155.43
47800,60.00,60.00,155.43
47809,60.00,60.00,155.43
47820,60.00,60.00,155.43
47830,60.00,60.00,155.43
47839,60.00,57.14,255.00
47850,60.00,60.00,155.43
47860,60.00,60.00,155.43
47869,60.00,60.00,155.43
47880,60.00,60.00,155.43
47889,60.00,60.00,152.19
47899,60.00,60.00,155.43
47909,60.00,60.00,155.43
47919,60.00,60.00,155.43
47929,60.00,60.00,255.00
47939,60.00,60.00,55.05
47950,60.00,60.00,148.95
47959,60.00,57.14,252.57
47970,60.00,60.00,155.43
47980,60.00,60.00,155.43
47990,60.00,60.00,155.43
47999,60.00,60.00,148.95
48009,60.00,60.00,152.19
48020,60.00,60.00,155.43
48029,60.00,60.00,155.43
48040,60.00,60.00,255.00
48050,60.00,60.00,148.95
48060,60.00,60.00,145.71
48069,60.00,60.00,152.19
48080,60.00,57.14,255.00
48090,60.00,60.00,155.43
48100,60.00,60.00,155.43
48109,60.00,60.00,155.43
48119,60.00,60.00,155.43
48130,60.00,60.00,155.43
48140,60.00,60.00,155.43
48150,60.00,60.00,152.19
48159,60.00,60.00,152.19
48170,60.00,57.14,255.00
48179,60.00,60.00,155.43
48190,60.00,60.00,152.19
48199,60.00,60.00,152.19
48210,60.00,60.00,155.43
48219,60.00,60.00,155.43
48229,60.00,60.00,155.43
48240,60.00,60.00,152.19
48250,60.00,60.00,155.43
48260,60.00,60.00,155.43
48269,60.00,57.14,155.43
48280,60.00,60.00,155.43
48289,60.00,60.00,155.43
48299,60.00,60.00,155.43
48309,60.00,60.00,155.43
48319,60.00,60.00,155.43
48329,60.00,57.14,255.00
48339,60.00,62.86,55.05
48349,60.00,60.00,152.19
48360,60.00,57.14,255.00
48370,60.00,60.00,155.43
48379,60.00,60.00,155.43
48389,60.00,60.00,155.43
48399,60.00,60.00,155.43
48409,60.00,60.00,155.43
48420,60.00,60.00,152.19
48430,60.00,60.00,155.43
48439,60.00,60.00,155.43
48450,60.00,57.14,255.00
48459,60.00,62.86,155.43
48469,60.00,57.14,155.43
48480,60.00,60.00,155.43
48489,60.00,60.00,155.43
48500,60.00,60.00,155.43
48509,60.00,60.00,155.43
48520,60.00,60.00,155.43
48530,60.00,60.00,155.43
48540,60.00,60.00,155.43
48549,60.00,57.14,155.43
48560,60.00,60.00,155.43
48570,60.00,60.00,155.43
48580,60.00,60.00,148.95
48590,60.00,60.00,152.19
48600,60.00,60.00,155.43
48609,60.00,60.00,155.43
48620,60.00,57.14,255.00
48630,60.00,62.86,155.43
48640,60.00,60.00,155.43
48650,60.00,57.14,255.00
48659,60.00,60.00,155.43
48669,60.00,60.00,155.43
48680,60.00,60.00,155.43
48689,60.00,60.00,155.43
48699,60.00,60.00,155.43
48710,60.00,60.00,152.19
48720,60.00,60.00,155.43
48729,60.00,60.00,255.00
48739,60.00,60.00,55.05
48750,60.00,60.00,152.19
48759,60.00,57.14,252.57
48770,60.00,60.00,155.43
48780,60.00,60.00,155.43
48790,60.00,60.00,155.43
48799,60.00,60.00,155.43
48810,60.00,60.00,155.43
48820,60.00,60.00,155.43
48830,60.00,57.14,255.00
48839,60.00,62.86,155.43
48849,60.00,57.14,155.43
48860,60.00,60.00,155.43
48869,60.00,60.00,155.43
48879,60.00,60.00,155.43
48889,60.00,60.00,155.43
48900,60.00,60.00,155.43
48910,60.00,60.00,152.19
48920,60.00,57.14,255.00
48930,60.00,62.86,51.81
48940,60.00,60.00,152.19
48949,60.00,57.14,152.19
48960,60.00,60.00,155.43
48970,60.00,60.00,155.43
48980,60.00,60.00,148.95
48990,60.00,60.00,145.71
49000,60.00,60.00,155.43
49009,60.00,60.00,155.43
49020,60.00,60.00,255.00
49030,60.00,60.00,152.19
49039,60.00,60.00,152.19
49050,60.00,57.14,255.00
49060,60.00,60.00,155.43
49069,60.00,60.00,155.43
49080,60.00,60.00,155.43
49089,60.00,60.00,155.43
49099,60.00,60.00,155.43
49109,60.00,60.00,152.19
49119,60.00,60.00,155.43
49130,60.00,60.00,155.43
49140,60.00,57.14,255.00
49149,60.00,62.86,155.43
49160,60.00,60.00,155.43
49169,60.00,57.14,155.43
49179,60.00,60.00,155.43
49190,60.00,60.00,155.43
49200,60.00,60.00,152.19
49209,60.00,60.00,155.43
49220,60.00,60.00,155.43
49230,60.00,60.00,155.43
49239,60.00,60.00,155.43
49249,60.00,57.14,155.43
49260,60.00,60.00,155.43
49270,60.00,60.00,155.43
49280,60.00,60.00,148.95
49289,60.00,60.00,148.95
49299,60.00,60.00,155.43
49310,60.00,60.00,155.43
49319,60.00,57.14,255.00
49330,60.00,62.86,155.43
49339,60.00,60.00,155.43
49350,60.00,57.14,255.00
49359,60.00,60.00,155.43
49370,60.00,60.00,152.19
49380,60.00,60.00,155.43
49390,60.00,60.00,155.43
49399,60.00,60.00,155.43
49409,60.00,60.00,155.43
49420,60.00,60.00,155.43
49429,60.00,60.00,55.05
49440,60.00,57.14,255.00
49449,60.00,60.00,155.43
49459,60.00,60.00,155.43
49470,60.00,60.00,155.43
49479,60.00,60.00,155.43
49489,60.00,60.00,152.19
49500,60.00,60.00,155.43
49510,60.00,60.00,155.43
49519,60.00,60.00,155.43
49530,60.00,57.14,255.00
49539,60.00,60.00,155.43
49550,60.00,60.00,155.43
49559,60.00,60.00,155.43
49570,60.00,60.00,155.43
49579,60.00,60.00,155.43
49590,60.00,60.00,155.43
49599,60.00,60.00,155.43
49610,60.00,60.00,155.43
49619,60.00,57.14,155.43
49630,60.00,60.00,155.43
49640,60.00,60.00,155.43
49650,60.00,60.00,152.19
49660,60.00,60.00,155.43
49669,60.00,60.00,155.43
49680,60.00,60.00,155.43
49689,60.00,57.14,255.00
49700,60.00,62.86,155.43
49710,60.00,57.14,255.00
49719,60.00,60.00,155.43
49730,60.00,60.00,155.43
49740,60.00,60.00,155.43
49750,60.00,60.00,155.43
49760,60.00,60.00,145.71
49769,60.00,60.00,145.71
49780,60.00,60.00,152.19
49790,60.00,60.00,155.43
49800,60.00,60.00,155.43
49809,60.00,57.14,255.00
49820,60.00,60.00,155.43
49830,60.00,60.00,155.43
49839,60.00,60.00,155.43
49849,60.00,60.00,155.43
49860,60.00,60.00,152.19
49869,60.00,60.00,155.43
49880,60.00,60.00,155.43
49890,60.00,60.00,148.95
49899,60.00,60.00,148.95
49910,60.00,57.14,255.00
49919,60.00,60.00,155.43
49930,60.00,60.00,152.19
49940,60.00,60.00,155.43
49949,60.00,60.00,155.43
49959,60.00,60.00,155.43
49969,60.00,60.00,155.43
49979,60.00,60.00,155.43
49990,60.00,60.00,155.43
49999,60.00,57.14,155.43
50010,60.00,60.00,155.43
50020,60.00,60.00,155.43
50030,60.00,60.00,152.19
50039,60.00,60.00,155.43
50050,60.00,60.00,155.43
50060,60.00,57.14,255.00
50070,60.00,62.86,48.57
50080,60.00,60.00,142.48
50090,60.00,60.00,142.48
50100,60.00,57.14,252.57
50110,60.00,60.00,155.43
50119,60.00,60.00,155.43
50130,60.00,60.00,155.43
50140,60.00,60.00,148.95
50150,60.00,60.00,155.43
50160,60.00,60.00,155.43
50169,60.00,60.00,155.43
50179,60.00,57.14,255.00
50190,60.00,62.86,51.81
50199,60.00,60.00,148.95
50209,60.00,57.14,249.33
50219,60.00,60.00,155.43
50230,60.00,60.00,155.43
50239,60.00,60.00,155.43
50249,60.00,60.00,155.43
50259,60.00,60.00,155.43
50269,60.00,60.00,155.43
50279,60.00,60.00,255.00
50289,60.00,60.00,51.81
50300,60.00,60.00,152.19
50309,60.00,57.14,252.57
50320,60.00,60.00,155.43
50330,60.00,60.00,155.43
50339,60.00,60.00,155.43
50350,60.00,60.00,155.43
50360,60.00,60.00,148.95
50370,60.00,60.00,148.95
50379,60.00,60.00,155.43
50390,60.00,57.14,255.00
50399,60.00,62.86,55.05
50409,60.00,60.00,152.19
50420,60.00,57.14,255.00
50430,60.00,60.00,155.43
50440,60.00,60.00,155.43
50449,60.00,60.00,155.43
50460,60.00,60.00,155.43
50469,60.00,60.00,155.43
50480,60.00,60.00,155.43
50489,60.00,60.00,155.43
50500,60.00,57.14,255.00
50510,60.00,62.86,51.81
50520,60.00,60.00,152.19
