time_ms,ref_speed,actual_speed,pwm_value
482,0.00,0.00,0.00
493,0.00,0.00,0.00
504,0.00,0.00,0.00
515,0.00,0.00,0.00
526,0.00,0.00,0.00
537,0.00,0.00,0.00
548,0.00,0.00,0.00
559,0.00,0.00,0.00
570,0.00,0.00,0.00
581,0.00,0.00,0.00
592,0.00,0.00,0.00
604,0.00,0.00,0.00
614,0.00,0.00,0.00
625,0.00,0.00,0.00
636,0.00,0.00,0.00
647,0.00,0.00,0.00
659,0.00,0.00,0.00
669,0.00,0.00,0.00
681,0.00,0.00,0.00
692,0.00,0.00,0.00
703,0.00,0.00,0.00
713,0.00,0.00,0.00
724,0.00,0.00,0.00
735,0.00,0.00,0.00
746,0.00,0.00,0.00
758,0.00,0.00,0.00
769,0.00,0.00,0.00
780,0.00,0.00,0.00
790,0.00,0.00,0.00
801,0.00,0.00,0.00
813,0.00,0.00,0.00
824,0.00,0.00,0.00
835,0.00,0.00,0.00
846,0.00,0.00,0.00
856,0.00,0.00,0.00
868,0.00,0.00,0.00
879,0.00,0.00,0.00
889,0.00,0.00,0.00
900,0.00,0.00,0.00
911,0.00,0.00,0.00
922,0.00,0.00,0.00
933,0.00,0.00,0.00
945,0.00,0.00,0.00
955,0.00,0.00,0.00
966,0.00,0.00,0.00
977,0.00,0.00,0.00
988,0.00,0.00,0.00
999,0.00,0.00,0.00
1011,50.00,0.00,2000.00
1021,50.00,5.71,1771.43
1032,50.00,20.00,1200.00
1044,50.00,31.43,742.86
1055,50.00,37.14,514.29
1065,50.00,45.71,171.43
1077,50.00,45.71,171.43
1087,50.00,48.57,57.14
1098,50.00,48.57,57.14
1109,50.00,45.71,171.43
1121,50.00,45.71,171.43
1132,50.00,48.57,57.14
1144,50.00,45.71,171.43
1155,50.00,45.71,171.43
1166,50.00,45.71,171.43
1177,50.00,48.57,57.14
1187,50.00,45.71,171.43
1198,50.00,45.71,171.43
1209,50.00,45.71,171.43
1222,50.00,45.71,171.43
1232,50.00,48.57,57.14
1244,50.00,45.71,171.43
1255,50.00,45.71,171.43
1266,50.00,45.71,171.43
1277,50.00,48.57,57.14
1288,50.00,45.71,171.43
1298,50.00,45.71,171.43
1309,50.00,45.71,171.43
1321,50.00,45.71,171.43
1333,50.00,48.57,57.14
1343,50.00,45.71,171.43
1354,50.00,45.71,171.43
1365,50.00,45.71,171.43
1377,50.00,48.57,57.14
1387,50.00,45.71,171.43
1398,50.00,45.71,171.43
1410,50.00,45.71,171.43
1421,50.00,45.71,171.43
1433,50.00,48.57,57.14
1444,50.00,45.71,171.43
1454,50.00,45.71,171.43
1465,50.00,45.71,171.43
1476,50.00,48.57,57.14
1488,50.00,45.71,171.43
1498,50.00,48.57,57.14
1509,50.00,45.71,171.43
1522,50.00,45.71,171.43
1533,50.00,45.71,171.43
1543,50.00,48.57,57.14
1555,50.00,45.71,171.43
1565,50.00,48.57,57.14
1577,50.00,45.71,171.43
1588,50.00,45.71,171.43
1599,50.00,45.71,171.43
1609,50.00,45.71,171.43
1622,50.00,45.71,171.43
1632,50.00,48.57,57.14
1643,50.00,45.71,171.43
1655,50.00,45.71,171.43
1665,50.00,45.71,171.43
1676,50.00,48.57,57.14
1687,50.00,45.71,171.43
1698,50.00,48.57,57.14
1709,50.00,45.71,171.43
1722,50.00,45.71,171.43
1732,50.00,48.57,57.14
1743,50.00,45.71,171.43
1754,50.00,45.71,171.43
1765,50.00,45.71,171.43
1777,50.00,48.57,57.14
1787,50.00,45.71,171.43
1798,50.00,48.57,57.14
1810,50.00,45.71,171.43
1821,50.00,45.71,171.43
1832,50.00,45.71,171.43
1843,50.00,48.57,57.14
1854,50.00,45.71,171.43
1865,50.00,48.57,57.14
1877,50.00,45.71,171.43
1888,50.00,45.71,171.43
1899,50.00,45.71,171.43
1910,50.00,45.71,171.43
1921,50.00,45.71,171.43
1933,50.00,48.57,57.14
1944,50.00,45.71,171.43
1955,50.00,45.71,171.43
1965,50.00,48.57,57.14
1976,50.00,45.71,171.43
1987,50.00,45.71,171.43
1999,50.00,45.71,171.43
2010,50.00,45.71,171.43
2022,50.00,45.71,171.43
2032,50.00,48.57,57.14
2043,50.00,45.71,171.43
2054,50.00,45.71,171.43
2066,50.00,48.57,57.14
2077,50.00,45.71,171.43
2088,50.00,45.71,171.43
2098,50.00,45.71,171.43
2109,50.00,45.71,171.43
2122,50.00,45.71,171.43
2132,50.00,48.57,57.14
2143,50.00,45.71,171.43
2154,50.00,45.71,171.43
2165,50.00,48.57,57.14
2176,50.00,45.71,171.43
2187,50.00,45.71,171.43
2199,50.00,45.71,171.43
2210,50.00,45.71,171.43
2221,50.00,45.71,171.43
2232,50.00,48.57,57.14
2243,50.00,45.71,171.43
2254,50.00,45.71,171.43
2266,50.00,48.57,57.14
2276,50.00,45.71,171.43
2287,50.00,45.71,171.43
2298,50.00,48.57,57.14
2310,50.00,45.71,171.43
2322,50.00,45.71,171.43
2333,50.00,48.57,57.14
2344,50.00,45.71,171.43
2354,50.00,45.71,171.43
2365,50.00,48.57,57.14
2376,50.00,45.71,171.43
2388,50.00,45.71,171.43
2398,50.00,45.71,171.43
2409,50.00,45.71,171.43
2421,50.00,48.57,57.14
2432,50.00,45.71,171.43
2443,50.00,45.71,171.43
2454,50.00,45.71,171.43
2466,50.00,48.57,57.14
2476,50.00,45.71,171.43
2487,50.00,45.71,171.43
2498,50.00,45.71,171.43
2510,50.00,45.71,171.43
2522,50.00,45.71,171.43
2533,50.00,48.57,57.14
2544,50.00,45.71,171.43
2554,50.00,45.71,171.43
2566,50.00,48.57,57.14
2577,50.00,45.71,171.43
2587,50.00,45.71,171.43
2598,50.00,48.57,57.14
2609,50.00,45.71,171.43
2621,50.00,45.71,171.43
2633,50.00,48.57,57.14
2643,50.00,45.71,171.43
2654,50.00,45.71,171.43
2665,50.00,48.57,57.14
2676,50.00,45.71,171.43
2687,50.00,45.71,171.43
2698,50.00,48.57,57.14
2709,50.00,45.71,171.43
2721,50.00,48.57,57.14
2732,50.00,45.71,171.43
2743,50.00,45.71,171.43
2754,50.00,45.71,171.43
2765,50.00,48.57,57.14
2777,50.00,45.71,171.43
2787,50.00,45.71,171.43
2798,50.00,48.57,57.14
2810,50.00,45.71,171.43
2822,50.00,48.57,57.14
2833,50.00,45.71,171.43
2844,50.00,45.71,171.43
2854,50.00,45.71,171.43
2865,50.00,48.57,57.14
2876,50.00,45.71,171.43
2887,50.00,48.57,57.14
2898,50.00,45.71,171.43
2909,50.00,45.71,171.43
2921,50.00,48.57,57.14
2932,50.00,45.71,171.43
2944,50.00,45.71,171.43
2955,50.00,48.57,57.14
2965,50.00,45.71,171.43
2976,50.00,45.71,171.43
2987,50.00,45.71,171.43
2999,50.00,48.57,57.14
3009,50.00,48.57,57.14
3020,50.00,45.71,171.43
3032,50.00,45.71,171.43
3042,50.00,45.71,171.43
3054,50.00,48.57,57.14
3064,50.00,45.71,171.43
3075,50.00,45.71,171.43
3087,50.00,48.57,57.14
3097,50.00,45.71,171.43
3109,50.00,45.71,171.43
3120,50.00,48.57,57.14
3132,50.00,45.71,171.43
3142,50.00,48.57,57.14
3154,50.00,45.71,171.43
3164,50.00,45.71,171.43
3176,50.00,45.71,171.43
3186,50.00,48.57,57.14
3198,50.00,45.71,171.43
3208,50.00,45.71,171.43
3219,50.00,45.71,171.43
3232,50.00,45.71,171.43
3242,50.00,45.71,171.43
3253,50.00,48.57,57.14
3265,50.00,45.71,171.43
3276,50.00,48.57,57.14
3286,50.00,45.71,171.43
3298,50.00,45.71,171.43
3308,50.00,45.71,171.43
3320,50.00,45.71,171.43
3332,50.00,45.71,171.43
3342,50.00,48.57,57.14
3353,50.00,45.71,171.43
3365,50.00,45.71,171.43
3375,50.00,45.71,171.43
3386,50.00,48.57,57.14
3397,50.00,45.71,171.43
3408,50.00,48.57,57.14
3420,50.00,45.71,171.43
3432,50.00,45.71,171.43
3442,50.00,48.57,57.14
3453,50.00,45.71,171.43
3464,50.00,45.71,171.43
3475,50.00,48.57,57.14
3486,50.00,45.71,171.43
3498,50.00,45.71,171.43
3509,50.00,48.57,57.14
3520,50.00,45.71,171.43
3531,50.00,45.71,171.43
3542,50.00,48.57,57.14
3553,50.00,45.71,171.43
3564,50.00,45.71,171.43
3575,50.00,48.57,57.14
3586,50.00,45.71,171.43
3597,50.00,45.71,171.43
3608,50.00,48.57,57.14
3619,50.00,45.71,171.43
3631,50.00,48.57,57.14
3642,50.00,45.71,171.43
3654,50.00,45.71,171.43
3665,50.00,45.71,171.43
3675,50.00,48.57,57.14
3687,50.00,45.71,171.43
3697,50.00,48.57,57.14
3708,50.00,45.71,171.43
3720,50.00,45.71,171.43
3731,50.00,45.71,171.43
3743,50.00,48.57,57.14
3753,50.00,45.71,171.43
3764,50.00,48.57,57.14
3776,50.00,45.71,171.43
3786,50.00,45.71,171.43
3797,50.00,45.71,171.43
3808,50.00,48.57,57.14
3820,50.00,45.71,171.43
3831,50.00,48.57,57.14
3843,50.00,45.71,171.43
3854,50.00,45.71,171.43
3864,50.00,48.57,57.14
3876,50.00,45.71,171.43
3887,50.00,45.71,171.43
3897,50.00,45.71,171.43
3909,50.00,48.57,57.14
3920,50.00,48.57,57.14
3930,50.00,45.71,171.43
3941,50.00,45.71,171.43
3953,50.00,45.71,171.43
3963,50.00,48.57,57.14
3975,50.00,45.71,171.43
3985,50.00,45.71,171.43
3996,50.00,45.71,171.43
4007,50.00,48.57,57.14
4019,50.00,45.71,171.43
4029,50.00,45.71,171.43
4042,50.00,45.71,171.43
4053,50.00,45.71,171.43
4063,50.00,48.57,57.14
4074,50.00,45.71,171.43
4085,50.00,45.71,171.43
4097,50.00,48.57,57.14
4107,50.00,45.71,171.43
4119,50.00,45.71,171.43
4130,50.00,48.57,57.14
4141,50.00,45.71,171.43
4152,50.00,48.57,57.14
4163,50.00,45.71,171.43
4174,50.00,45.71,171.43
4185,50.00,45.71,171.43
4196,50.00,48.57,57.14
4208,50.00,45.71,171.43
4219,50.00,45.71,171.43
4229,50.00,45.71,171.43
4241,50.00,45.71,171.43
4252,50.00,45.71,171.43
4264,50.00,48.57,57.14
4275,50.00,45.71,171.43
4285,50.00,45.71,171.43
4296,50.00,48.57,57.14
4308,50.00,45.71,171.43
4319,50.00,45.71,171.43
4330,50.00,48.57,57.14
4341,50.00,45.71,171.43
4352,50.00,45.71,171.43
4363,50.00,48.57,57.14
4374,50.00,45.71,171.43
4386,50.00,45.71,171.43
4396,50.00,48.57,57.14
4407,50.00,45.71,171.43
4418,50.00,45.71,171.43
4429,50.00,48.57,57.14
4441,50.00,45.71,171.43
4452,50.00,45.71,171.43
4462,50.00,48.57,57.14
4473,50.00,45.71,171.43
4485,50.00,45.71,171.43
4496,50.00,45.71,171.43
4507,50.00,48.57,57.14
4517,50.00,45.71,171.43
4529,50.00,48.57,57.14
4539,50.00,45.71,171.43
4551,50.00,45.71,171.43
4562,50.00,45.71,171.43
4573,50.00,48.57,57.14
4584,50.00,45.71,171.43
4595,50.00,48.57,57.14
4607,50.00,45.71,171.43
4618,50.00,45.71,171.43
4628,50.00,45.71,171.43
4640,50.00,48.57,57.14
4651,50.00,45.71,171.43
4662,50.00,48.57,57.14
4673,50.00,45.71,171.43
4685,50.00,45.71,171.43
4696,50.00,45.71,171.43
4706,50.00,48.57,57.14
4717,50.00,45.71,171.43
4729,50.00,45.71,171.43
4740,50.00,48.57,57.14
4751,50.00,45.71,171.43
4762,50.00,48.57,57.14
4773,50.00,45.71,171.43
4784,50.00,45.71,171.43
4796,50.00,45.71,171.43
4806,50.00,45.71,171.43
4818,50.00,48.57,57.14
4829,50.00,45.71,171.43
4839,50.00,45.71,171.43
4852,50.00,45.71,171.43
4862,50.00,45.71,171.43
4873,50.00,48.57,57.14
4885,50.00,45.71,171.43
4895,50.00,45.71,171.43
4906,50.00,45.71,171.43
4917,50.00,48.57,57.14
4928,50.00,45.71,171.43
4940,50.00,48.57,57.14
4951,50.00,45.71,171.43
4963,50.00,45.71,171.43
4974,50.00,48.57,57.14
4985,50.00,45.71,171.43
4995,50.00,45.71,171.43
5007,50.00,45.71,171.43
5018,50.00,48.57,57.14
5028,50.00,45.71,171.43
5040,50.00,48.57,57.14
5051,50.00,45.71,171.43
5062,50.00,45.71,171.43
5074,50.00,45.71,171.43
5084,50.00,48.57,57.14
5095,50.00,45.71,171.43
5106,50.00,45.71,171.43
5117,50.00,48.57,57.14
5129,50.00,45.71,171.43
5140,50.00,45.71,171.43
5151,50.00,48.57,57.14
5162,50.00,45.71,171.43
5174,50.00,45.71,171.43
5185,50.00,48.57,57.14
5195,50.00,45.71,171.43
5207,50.00,45.71,171.43
5217,50.00,45.71,171.43
5228,50.00,48.57,57.14
5240,50.00,45.71,171.43
5252,50.00,48.57,57.14
5263,50.00,45.71,171.43
5274,50.00,45.71,171.43
5285,50.00,48.57,57.14
5296,50.00,45.71,171.43
5306,50.00,45.71,171.43
5318,50.00,45.71,171.43
5329,50.00,48.57,57.14
5340,50.00,45.71,171.43
5351,50.00,45.71,171.43
5362,50.00,48.57,57.14
5373,50.00,45.71,171.43
5385,50.00,48.57,57.14
5396,50.00,45.71,171.43
5406,50.00,45.71,171.43
5418,50.00,45.71,171.43
5429,50.00,45.71,171.43
5439,50.00,45.71,171.43
5451,50.00,48.57,57.14
5462,50.00,45.71,171.43
5474,50.00,45.71,171.43
5485,50.00,45.71,171.43
5495,50.00,45.71,171.43
5507,50.00,48.57,57.14
5517,50.00,45.71,171.43
5529,50.00,48.57,57.14
5540,50.00,45.71,171.43
5551,50.00,45.71,171.43
5563,50.00,48.57,57.14
5574,50.00,45.71,171.43
5584,50.00,45.71,171.43
5596,50.00,48.57,57.14
5606,50.00,45.71,171.43
5617,50.00,45.71,171.43
5628,50.00,45.71,171.43
5639,50.00,45.71,171.43
5652,50.00,45.71,171.43
5662,50.00,48.57,57.14
5674,50.00,45.71,171.43
5684,50.00,45.71,171.43
5695,50.00,45.71,171.43
5707,50.00,48.57,57.14
5718,50.00,45.71,171.43
5728,50.00,45.71,171.43
5739,50.00,45.71,171.43
5751,50.00,45.71,171.43
5763,50.00,48.57,57.14
5773,50.00,45.71,171.43
5785,50.00,45.71,171.43
5796,50.00,45.71,171.43
5806,50.00,48.57,57.14
5818,50.00,45.71,171.43
5829,50.00,45.71,171.43
5840,50.00,45.71,171.43
5851,50.00,45.71,171.43
5863,50.00,45.71,171.43
5873,50.00,48.57,57.14
5884,50.00,45.71,171.43
5895,50.00,45.71,171.43
5906,50.00,48.57,57.14
5917,50.00,45.71,171.43
5928,50.00,45.71,171.43
5940,50.00,48.57,57.14
5951,50.00,45.71,171.43
5963,50.00,45.71,171.43
5974,50.00,48.57,57.14
5984,50.00,45.71,171.43
5996,50.00,45.71,171.43
6006,50.00,48.57,57.14
6017,50.00,45.71,171.43
6028,50.00,45.71,171.43
6040,50.00,48.57,57.14
6051,50.00,45.71,171.43
6062,50.00,45.71,171.43
6074,50.00,45.71,171.43
6084,50.00,48.57,57.14
6095,50.00,45.71,171.43
6106,50.00,48.57,57.14
6117,50.00,45.71,171.43
6129,50.00,45.71,171.43
6141,50.00,45.71,171.43
6152,50.00,48.57,57.14
6162,50.00,45.71,171.43
6173,50.00,48.57,57.14
6184,50.00,45.71,171.43
6195,50.00,45.71,171.43
6207,50.00,45.71,171.43
6217,50.00,48.57,57.14
6229,50.00,45.71,171.43
6241,50.00,45.71,171.43
6252,50.00,48.57,57.14
6262,50.00,45.71,171.43
6274,50.00,45.71,171.43
6284,50.00,48.57,57.14
6295,50.00,45.71,171.43
6306,50.00,45.71,171.43
6317,50.00,48.57,57.14
6329,50.00,45.71,171.43
6341,50.00,45.71,171.43
6351,50.00,48.57,57.14
6362,50.00,45.71,171.43
6373,50.00,45.71,171.43
6385,50.00,48.57,57.14
6395,50.00,45.71,171.43
6406,50.00,45.71,171.43
6417,50.00,48.57,57.14
6429,50.00,45.71,171.43
6440,50.00,45.71,171.43
6451,50.00,48.57,57.14
6463,50.00,45.71,171.43
6474,50.00,45.71,171.43
6484,50.00,45.71,171.43
6496,50.00,48.57,57.14
6506,50.00,45.71,171.43
6518,50.00,48.57,57.14
6528,50.00,45.71,171.43
6539,50.00,45.71,171.43
6552,50.00,45.71,171.43
6562,50.00,48.57,57.14
6573,50.00,45.71,171.43
6585,50.00,48.57,57.14
6595,50.00,45.71,171.43
6606,50.00,45.71,171.43
6617,50.00,45.71,171.43
6628,50.00,48.57,57.14
6639,50.00,45.71,171.43
6651,50.00,48.57,57.14
6662,50.00,45.71,171.43
6673,50.00,45.71,171.43
6685,50.00,45.71,171.43
6695,50.00,48.57,57.14
6707,50.00,45.71,171.43
6717,50.00,45.71,171.43
6729,50.00,48.57,57.14
6739,50.00,45.71,171.43
6752,50.00,45.71,171.43
6763,50.00,48.57,57.14
6773,50.00,45.71,171.43
6784,50.00,45.71,171.43
6796,50.00,48.57,57.14
6806,50.00,45.71,171.43
6817,50.00,45.71,171.43
6829,50.00,48.57,57.14
6839,50.00,45.71,171.43
6852,50.00,45.71,171.43
6863,50.00,48.57,57.14
6873,50.00,45.71,171.43
6884,50.00,45.71,171.43
6895,50.00,48.57,57.14
6907,50.00,45.71,171.43
6918,50.00,45.71,171.43
6928,50.00,48.57,57.14
6939,50.00,45.71,171.43
6951,50.00,45.71,171.43
6963,50.00,48.57,57.14
6974,50.00,45.71,171.43
6984,50.00,45.71,171.43
6995,50.00,45.71,171.43
7006,50.00,48.57,57.14
7017,50.00,45.71,171.43
7029,50.00,48.57,57.14
7039,50.00,45.71,171.43
7052,50.00,45.71,171.43
7063,50.00,48.57,57.14
7073,50.00,45.71,171.43
7084,50.00,45.71,171.43
7096,50.00,45.71,171.43
7106,50.00,48.57,57.14
7117,50.00,45.71,171.43
7128,50.00,48.57,57.14
7140,50.00,45.71,171.43
7151,50.00,45.71,171.43
7163,50.00,45.71,171.43
7174,50.00,48.57,57.14
7185,50.00,45.71,171.43
7196,50.00,48.57,57.14
7207,50.00,45.71,171.43
7218,50.00,45.71,171.43
7229,50.00,45.71,171.43
7240,50.00,48.57,57.14
7251,50.00,45.71,171.43
7262,50.00,48.57,57.14
7274,50.00,45.71,171.43
7284,50.00,45.71,171.43
7295,50.00,45.71,171.43
7307,50.00,48.57,57.14
7317,50.00,45.71,171.43
7329,50.00,45.71,171.43
7340,50.00,45.71,171.43
7351,50.00,45.71,171.43
7363,50.00,45.71,171.43
7374,50.00,48.57,57.14
7384,50.00,45.71,171.43
7395,50.00,45.71,171.43
7407,50.00,48.57,57.14
7418,50.00,45.71,171.43
7428,50.00,45.71,171.43
7440,50.00,48.57,57.14
7451,50.00,45.71,171.43
7462,50.00,45.71,171.43
7473,50.00,48.57,57.14
7484,50.00,45.71,171.43
7495,50.00,45.71,171.43
7507,50.00,45.71,171.43
7517,50.00,48.57,57.14
7528,50.00,45.71,171.43
7541,50.00,48.57,57.14
7552,50.00,45.71,171.43
7562,50.00,45.71,171.43
7574,50.00,48.57,57.14
7585,50.00,45.71,171.43
7595,50.00,45.71,171.43
7606,50.00,45.71,171.43
7617,50.00,48.57,57.14
7629,50.00,45.71,171.43
7640,50.00,48.57,57.14
7652,50.00,45.71,171.43
7662,50.00,45.71,171.43
7673,50.00,45.71,171.43
7684,50.00,48.57,57.14
7695,50.00,45.71,171.43
7706,50.00,45.71,171.43
7717,50.00,48.57,57.14
7729,50.00,45.71,171.43
7741,50.00,45.71,171.43
7751,50.00,48.57,57.14
7762,50.00,45.71,171.43
7773,50.00,45.71,171.43
7784,50.00,48.57,57.14
7795,50.00,45.71,171.43
7807,50.00,45.71,171.43
7817,50.00,48.57,57.14
7828,50.00,45.71,171.43
7839,50.00,45.71,171.43
7852,50.00,48.57,57.14
7862,50.00,45.71,171.43
7873,50.00,45.71,171.43
7884,50.00,45.71,171.43
7895,50.00,48.57,57.14
7907,50.00,45.71,171.43
7918,50.00,48.57,57.14
7928,50.00,45.71,171.43
7939,50.00,45.71,171.43
7951,50.00,45.71,171.43
7963,50.00,48.57,57.14
7973,50.00,45.71,171.43
7985,50.00,48.57,57.14
7995,50.00,45.71,171.43
8006,50.00,45.71,171.43
8018,50.00,45.71,171.43
8029,50.00,48.57,57.14
8040,50.00,45.71,171.43
8052,50.00,48.57,57.14
8063,50.00,45.71,171.43
8073,50.00,45.71,171.43
8085,50.00,45.71,171.43
8096,50.00,48.57,57.14
8106,50.00,45.71,171.43
8117,50.00,45.71,171.43
8128,50.00,48.57,57.14
8139,50.00,45.71,171.43
8152,50.00,45.71,171.43
8162,50.00,48.57,57.14
8173,50.00,45.71,171.43
8184,50.00,48.57,57.14
8195,50.00,45.71,171.43
8206,50.00,45.71,171.43
8217,50.00,45.71,171.43
8228,50.00,45.71,171.43
8239,50.00,45.71,171.43
8251,50.00,45.71,171.43
8262,50.00,48.57,57.14
8274,50.00,45.71,171.43
8285,50.00,45.71,171.43
8295,50.00,48.57,57.14
8306,50.00,45.71,171.43
8318,50.00,45.71,171.43
8328,50.00,48.57,57.14
8339,50.00,45.71,171.43
8352,50.00,45.71,171.43
8362,50.00,48.57,57.14
8374,50.00,45.71,171.43
8384,50.00,45.71,171.43
8395,50.00,45.71,171.43
8407,50.00,48.57,57.14
8417,50.00,45.71,171.43
8428,50.00,45.71,171.43
8439,50.00,45.71,171.43
8452,50.00,45.71,171.43
8463,50.00,48.57,57.14
8473,50.00,45.71,171.43
8484,50.00,45.71,171.43
8495,50.00,45.71,171.43
8506,50.00,48.57,57.14
8517,50.00,45.71,171.43
8529,50.00,45.71,171.43
8539,50.00,45.71,171.43
8552,50.00,45.71,171.43
8562,50.00,45.71,171.43
8573,50.00,48.57,57.14
8584,50.00,45.71,171.43
8596,50.00,45.71,171.43
8606,50.00,48.57,57.14
8617,50.00,45.71,171.43
8629,50.00,45.71,171.43
8639,50.00,45.71,171.43
8651,50.00,45.71,171.43
8663,50.00,45.71,171.43
8673,50.00,48.57,57.14
8684,50.00,45.71,171.43
8695,50.00,45.71,171.43
8706,50.00,48.57,57.14
8717,50.00,45.71,171.43
8728,50.00,45.71,171.43
8741,50.00,48.57,57.14
8752,50.00,45.71,171.43
8763,50.00,45.71,171.43
8774,50.00,48.57,57.14
8784,50.00,45.71,171.43
8795,50.00,45.71,171.43
8807,50.00,48.57,57.14
8817,50.00,45.71,171.43
8829,50.00,45.71,171.43
8840,50.00,48.57,57.14
8851,50.00,45.71,171.43
8862,50.00,45.71,171.43
8874,50.00,45.71,171.43
8884,50.00,48.57,57.14
8895,50.00,45.71,171.43
8906,50.00,48.57,57.14
8917,50.00,45.71,171.43
8928,50.00,45.71,171.43
8940,50.00,45.71,171.43
8951,50.00,48.57,57.14
8962,50.00,45.71,171.43
8974,50.00,48.57,57.14
8984,50.00,45.71,171.43
8996,50.00,45.71,171.43
9007,50.00,45.71,171.43
9017,50.00,48.57,57.14
9028,50.00,45.71,171.43
9040,50.00,45.71,171.43
9052,50.00,48.57,57.14
9062,50.00,45.71,171.43
9074,50.00,45.71,171.43
9084,50.00,48.57,57.14
9096,50.00,45.71,171.43
9106,50.00,45.71,171.43
9117,50.00,48.57,57.14
9129,50.00,45.71,171.43
9141,50.00,45.71,171.43
9151,50.00,48.57,57.14
9162,50.00,45.71,171.43
9174,50.00,45.71,171.43
9184,50.00,48.57,57.14
9195,50.00,45.71,171.43
9206,50.00,45.71,171.43
9217,50.00,45.71,171.43
9228,50.00,48.57,57.14
9240,50.00,45.71,171.43
9251,50.00,48.57,57.14
9262,50.00,45.71,171.43
9274,50.00,45.71,171.43
9285,50.00,45.71,171.43
9295,50.00,48.57,57.14
9306,50.00,45.71,171.43
9318,50.00,45.71,171.43
9328,50.00,48.57,57.14
9339,50.00,45.71,171.43
9352,50.00,45.71,171.43
9363,50.00,48.57,57.14
9374,50.00,45.71,171.43
9385,50.00,45.71,171.43
9395,50.00,45.71,171.43
9406,50.00,48.57,57.14
9417,50.00,45.71,171.43
9428,50.00,45.71,171.43
9440,50.00,45.71,171.43
9451,50.00,45.71,171.43
9463,50.00,45.71,171.43
9473,50.00,48.57,57.14
9484,50.00,45.71,171.43
9496,50.00,45.71,171.43
9506,50.00,48.57,57.14
9517,50.00,45.71,171.43
9528,50.00,45.71,171.43
9540,50.00,48.57,57.14
9552,50.00,45.71,171.43
9563,50.00,45.71,171.43
9574,50.00,45.71,171.43
9585,50.00,48.57,57.14
9595,50.00,45.71,171.43
9606,50.00,45.71,171.43
9617,50.00,48.57,57.14
9629,50.00,45.71,171.43
9641,50.00,45.71,171.43
9651,50.00,48.57,57.14
9662,50.00,45.71,171.43
9673,50.00,45.71,171.43
9684,50.00,45.71,171.43
9696,50.00,48.57,57.14
9707,50.00,45.71,171.43
9717,50.00,45.71,171.43
9729,50.00,48.57,57.14
9740,50.00,45.71,171.43
9752,50.00,45.71,171.43
9762,50.00,48.57,57.14
9773,50.00,45.71,171.43
9785,50.00,45.71,171.43
9796,50.00,48.57,57.14
9806,50.00,45.71,171.43
9818,50.00,45.71,171.43
9828,50.00,45.71,171.43
9839,50.00,45.71,171.43
9852,50.00,45.71,171.43
9862,50.00,45.71,171.43
9873,50.00,48.57,57.14
9884,50.00,45.71,171.43
9895,50.00,45.71,171.43
9906,50.00,48.57,57.14
9917,50.00,45.71,171.43
9928,50.00,45.71,171.43
9940,50.00,48.57,57.14
9951,50.00,45.71,171.43
9963,50.00,45.71,171.43
9973,50.00,45.71,171.43
9985,50.00,48.57,57.14
9995,50.00,45.71,171.43
10007,50.00,45.71,171.43
10017,50.00,48.57,57.14
10029,50.00,45.71,171.43
10041,50.00,45.71,171.43
10052,50.00,48.57,57.14
10063,50.00,45.71,171.43
10073,50.00,45.71,171.43
10085,50.00,48.57,57.14
10095,50.00,45.71,171.43
10106,50.00,45.71,171.43
10117,50.00,45.71,171.43
10128,50.00,48.57,57.14
10140,50.00,45.71,171.43
10152,50.00,45.71,171.43
10163,50.00,48.57,57.14
10173,50.00,45.71,171.43
10184,50.00,45.71,171.43
10196,50.00,48.57,57.14
10206,50.00,45.71,171.43
10218,50.00,45.71,171.43
10228,50.00,45.71,171.43
10241,50.00,48.57,57.14
10252,50.00,45.71,171.43
10263,50.00,48.57,57.14
10274,50.00,45.71,171.43
10285,50.00,45.71,171.43
10295,50.00,45.71,171.43
10306,50.00,45.71,171.43
10317,50.00,48.57,57.14
10329,50.00,45.71,171.43
10340,50.00,48.57,57.14
10352,50.00,45.71,171.43
10363,50.00,45.71,171.43
10374,50.00,45.71,171.43
10385,50.00,48.57,57.14
10395,50.00,45.71,171.43
10407,50.00,45.71,171.43
10417,50.00,45.71,171.43
10429,50.00,48.57,57.14
10440,50.00,48.57,57.14
10450,50.00,45.71,171.43
10462,50.00,45.71,171.43
10473,50.00,45.71,171.43
10484,50.00,45.71,171.43
10494,50.00,48.57,57.14
10505,50.00,45.71,171.43
10516,50.00,45.71,171.43
10527,50.00,45.71,171.43
10538,50.00,48.57,57.14
10550,50.00,45.71,171.43
10562,50.00,48.57,57.14
10572,50.00,45.71,171.43
10583,50.00,45.71,171.43
10594,50.00,45.71,171.43
10605,50.00,48.57,57.14
10617,50.00,45.71,171.43
10628,50.00,45.71,171.43
10639,50.00,48.57,57.14
10649,50.00,45.71,171.43
10661,50.00,45.71,171.43
10672,50.00,48.57,57.14
10683,50.00,45.71,171.43
10694,50.00,45.71,171.43
10705,50.00,45.71,171.43
10717,50.00,48.57,57.14
10727,50.00,45.71,171.43
10738,50.00,45.71,171.43
10750,50.00,45.71,171.43
10761,50.00,45.71,171.43
10772,50.00,45.71,171.43
10783,50.00,48.57,57.14
10794,50.00,45.71,171.43
10806,50.00,45.71,171.43
10817,50.00,48.57,57.14
10827,50.00,45.71,171.43
10838,50.00,45.71,171.43
10850,50.00,48.57,57.14
10861,50.00,45.71,171.43
10872,50.00,45.71,171.43
10884,50.00,45.71,171.43
10894,50.00,48.57,57.14
10906,50.00,45.71,171.43
10917,50.00,45.71,171.43
10927,50.00,48.57,57.14
10939,50.00,45.71,171.43
10950,50.00,45.71,171.43
10961,50.00,45.71,171.43
10972,50.00,48.57,57.14
10984,50.00,45.71,171.43
10994,50.00,48.57,57.14
11005,50.00,45.71,171.43
11016,50.00,45.71,171.43
11028,50.00,45.71,171.43
11038,50.00,45.71,171.43
11051,50.00,45.71,171.43
11061,50.00,45.71,171.43
11073,50.00,48.57,57.14
11083,50.00,45.71,171.43
11095,50.00,45.71,171.43
11105,50.00,45.71,171.43
11117,50.00,48.57,57.14
11128,50.00,45.71,171.43
11138,50.00,45.71,171.43
11151,50.00,48.57,57.14
11162,50.00,45.71,171.43
11172,50.00,45.71,171.43
11184,50.00,48.57,57.14
11194,50.00,45.71,171.43
11205,50.00,45.71,171.43
11216,50.00,45.71,171.43
11227,50.00,48.57,57.14
11238,50.00,45.71,171.43
11250,50.00,48.57,57.14
11262,50.00,45.71,171.43
11272,50.00,45.71,171.43
11283,50.00,45.71,171.43
11294,50.00,45.71,171.43
11306,50.00,48.57,57.14
11316,50.00,45.71,171.43
11327,50.00,45.71,171.43
11338,50.00,48.57,57.14
11350,50.00,45.71,171.43
11361,50.00,48.57,57.14
11372,50.00,45.71,171.43
11383,50.00,45.71,171.43
11394,50.00,45.71,171.43
11406,50.00,45.71,171.43
11416,50.00,48.57,57.14
11427,50.00,45.71,171.43
11438,50.00,48.57,57.14
11450,50.00,45.71,171.43
11462,50.00,45.71,171.43
11472,50.00,45.71,171.43
11483,50.00,48.57,57.14
11494,50.00,45.71,171.43
11505,50.00,45.71,171.43
11517,50.00,48.57,57.14
11527,50.00,45.71,171.43
11538,50.00,45.71,171.43
11550,50.00,48.57,57.14
11562,50.00,45.71,171.43
11573,50.00,45.71,171.43
11584,50.00,48.57,57.14
11595,50.00,45.71,171.43
11605,50.00,45.71,171.43
11616,50.00,45.71,171.43
11628,50.00,48.57,57.14
11638,50.00,45.71,171.43
11651,50.00,45.71,171.43
11662,50.00,48.57,57.14
11673,50.00,45.71,171.43
11683,50.00,45.71,171.43
11694,50.00,48.57,57.14
11706,50.00,45.71,171.43
11716,50.00,45.71,171.43
11727,50.00,45.71,171.43
11739,50.00,48.57,57.14
11750,50.00,45.71,171.43
11761,50.00,48.57,57.14
11773,50.00,45.71,171.43
11783,50.00,45.71,171.43
11795,50.00,45.71,171.43
11805,50.00,48.57,57.14
11816,50.00,45.71,171.43
11828,50.00,45.71,171.43
11838,50.00,45.71,171.43
11850,50.00,45.71,171.43
11861,50.00,45.71,171.43
11873,50.00,48.57,57.14
11884,50.00,45.71,171.43
11894,50.00,45.71,171.43
11906,50.00,45.71,171.43
11916,50.00,48.57,57.14
11927,50.00,45.71,171.43
11939,50.00,45.71,171.43
11950,50.00,48.57,57.14
11961,50.00,45.71,171.43
11973,50.00,45.71,171.43
11983,50.00,48.57,57.14
11995,50.00,45.71,171.43
12006,50.00,45.71,171.43
12016,50.00,45.71,171.43
12027,50.00,48.57,57.14
12038,50.00,45.71,171.43
12050,50.00,48.57,57.14
12061,50.00,45.71,171.43
12072,50.00,45.71,171.43
12084,50.00,45.71,171.43
12095,50.00,48.57,57.14
12105,50.00,45.71,171.43
12117,50.00,45.71,171.43
12127,50.00,45.71,171.43
12139,50.00,48.57,57.14
12151,50.00,45.71,171.43
12161,50.00,48.57,57.14
12173,50.00,45.71,171.43
12183,50.00,45.71,171.43
12194,50.00,45.71,171.43
12206,50.00,48.57,57.14
12216,50.00,45.71,171.43
12228,50.00,45.71,171.43
12239,50.00,48.57,57.14
12250,50.00,45.71,171.43
12262,50.00,45.71,171.43
12272,50.00,45.71,171.43
12283,50.00,48.57,57.14
12294,50.00,45.71,171.43
12305,50.00,48.57,57.14
12317,50.00,45.71,171.43
12327,50.00,45.71,171.43
12339,50.00,45.71,171.43
12351,50.00,48.57,57.14
12362,50.00,45.71,171.43
12372,50.00,45.71,171.43
12383,50.00,48.57,57.14
12395,50.00,45.71,171.43
12405,50.00,45.71,171.43
12417,50.00,45.71,171.43
12428,50.00,48.57,57.14
12438,50.00,45.71,171.43
12450,50.00,45.71,171.43
12461,50.00,48.57,57.14
12472,50.00,45.71,171.43
12484,50.00,45.71,171.43
12495,50.00,48.57,57.14
12506,50.00,45.71,171.43
12516,50.00,45.71,171.43
12527,50.00,45.71,171.43
12539,50.00,48.57,57.14
12551,50.00,45.71,171.43
12561,50.00,48.57,57.14
12572,50.00,45.71,171.43
12583,50.00,45.71,171.43
12595,50.00,45.71,171.43
12605,50.00,48.57,57.14
12617,50.00,45.71,171.43
12627,50.00,45.71,171.43
12638,50.00,45.71,171.43
12650,50.00,45.71,171.43
12662,50.00,45.71,171.43
12672,50.00,45.71,171.43
12684,50.00,48.57,57.14
12694,50.00,45.71,171.43
12706,50.00,45.71,171.43
12717,50.00,48.57,57.14
12727,50.00,45.71,171.43
12739,50.00,45.71,171.43
12750,50.00,48.57,57.14
12761,50.00,45.71,171.43
12773,50.00,45.71,171.43
12784,50.00,45.71,171.43
12795,50.00,48.57,57.14
12805,50.00,45.71,171.43
12817,50.00,45.71,171.43
12828,50.00,48.57,57.14
12838,50.00,45.71,171.43
12850,50.00,45.71,171.43
12861,50.00,48.57,57.14
12873,50.00,45.71,171.43
12883,50.00,45.71,171.43
12894,50.00,45.71,171.43
12906,50.00,48.57,57.14
12917,50.00,45.71,171.43
12927,50.00,45.71,171.43
12938,50.00,45.71,171.43
12951,50.00,45.71,171.43
12962,50.00,45.71,171.43
12972,50.00,48.57,57.14
12984,50.00,45.71,171.43
12995,50.00,45.71,171.43
13005,50.00,45.71,171.43
13016,50.00,48.57,57.14
13028,50.00,45.71,171.43
13039,50.00,45.71,171.43
13050,50.00,45.71,171.43
13061,50.00,45.71,171.43
13073,50.00,45.71,171.43
13084,50.00,48.57,57.14
13094,50.00,45.71,171.43
13106,50.00,45.71,171.43
13117,50.00,45.71,171.43
13128,50.00,48.57,57.14
13138,50.00,45.71,171.43
13150,50.00,48.57,57.14
13162,50.00,45.71,171.43
13173,50.00,45.71,171.43
13184,50.00,45.71,171.43
13194,50.00,48.57,57.14
13206,50.00,45.71,171.43
13216,50.00,45.71,171.43
13228,50.00,45.71,171.43
13239,50.00,48.57,57.14
13251,50.00,45.71,171.43
13261,50.00,48.57,57.14
13273,50.00,45.71,171.43
13283,50.00,45.71,171.43
13294,50.00,45.71,171.43
13305,50.00,45.71,171.43
13316,50.00,48.57,57.14
13328,50.00,45.71,171.43
13338,50.00,48.57,57.14
13350,50.00,45.71,171.43
13362,50.00,45.71,171.43
13372,50.00,45.71,171.43
13384,50.00,48.57,57.14
13394,50.00,45.71,171.43
13405,50.00,45.71,171.43
13417,50.00,48.57,57.14
13427,50.00,45.71,171.43
13439,50.00,45.71,171.43
13451,50.00,48.57,57.14
13462,50.00,45.71,171.43
13473,50.00,45.71,171.43
13483,50.00,48.57,57.14
13494,50.00,45.71,171.43
13505,50.00,45.71,171.43
13517,50.00,45.71,171.43
13527,50.00,48.57,57.14
13539,50.00,45.71,171.43
13551,50.00,45.71,171.43
13562,50.00,48.57,57.14
13573,50.00,45.71,171.43
13583,50.00,45.71,171.43
13595,50.00,48.57,57.14
13606,50.00,45.71,171.43
13617,50.00,45.71,171.43
13628,50.00,45.71,171.43
13639,50.00,48.57,57.14
13649,50.00,45.71,171.43
13662,50.00,45.71,171.43
13673,50.00,48.57,57.14
13684,50.00,45.71,171.43
13695,50.00,45.71,171.43
13705,50.00,45.71,171.43
13716,50.00,48.57,57.14
13727,50.00,45.71,171.43
13738,50.00,45.71,171.43
13751,50.00,45.71,171.43
13762,50.00,45.71,171.43
13773,50.00,45.71,171.43
13783,50.00,48.57,57.14
13794,50.00,45.71,171.43
13806,50.00,45.71,171.43
13817,50.00,45.71,171.43
13827,50.00,48.57,57.14
13839,50.00,45.71,171.43
13851,50.00,48.57,57.14
13862,50.00,45.71,171.43
13873,50.00,45.71,171.43
13883,50.00,45.71,171.43
13895,50.00,48.57,57.14
13906,50.00,45.71,171.43
13916,50.00,45.71,171.43
13927,50.00,45.71,171.43
13938,50.00,48.57,57.14
13951,50.00,45.71,171.43
13961,50.00,45.71,171.43
13973,50.00,48.57,57.14
13984,50.00,45.71,171.43
13994,50.00,45.71,171.43
14005,50.00,48.57,57.14
14016,50.00,45.71,171.43
14027,50.00,45.71,171.43
14039,50.00,45.71,171.43
14050,50.00,45.71,171.43
14061,50.00,45.71,171.43
14073,50.00,45.71,171.43
14083,50.00,48.57,57.14
14095,50.00,45.71,171.43
14106,50.00,45.71,171.43
14117,50.00,48.57,57.14
14128,50.00,45.71,171.43
14139,50.00,45.71,171.43
14151,50.00,48.57,57.14
14162,50.00,45.71,171.43
14173,50.00,45.71,171.43
14183,50.00,45.71,171.43
14194,50.00,48.57,57.14
14205,50.00,45.71,171.43
14216,50.00,45.71,171.43
14227,50.00,48.57,57.14
14238,50.00,45.71,171.43
14250,50.00,45.71,171.43
14262,50.00,48.57,57.14
14272,50.00,45.71,171.43
14283,50.00,45.71,171.43
14294,50.00,45.71,171.43
14305,50.00,48.57,57.14
14317,50.00,45.71,171.43
14327,50.00,45.71,171.43
14339,50.00,48.57,57.14
14350,50.00,45.71,171.43
14361,50.00,45.71,171.43
14373,50.00,45.71,171.43
14384,50.00,48.57,57.14
14395,50.00,45.71,171.43
14405,50.00,48.57,57.14
14417,50.00,45.71,171.43
14428,50.00,45.71,171.43
14439,50.00,45.71,171.43
14451,50.00,48.57,57.14
14461,50.00,45.71,171.43
14472,50.00,45.71,171.43
14483,50.00,48.57,57.14
14494,50.00,45.71,171.43
14505,50.00,45.71,171.43
14516,50.00,45.71,171.43
14527,50.00,48.57,57.14
14538,50.00,45.71,171.43
14551,50.00,48.57,57.14
14562,50.00,45.71,171.43
14573,50.00,45.71,171.43
14583,50.00,45.71,171.43
14594,50.00,45.71,171.43
14605,50.00,48.57,57.14
14616,50.00,45.71,171.43
14627,50.00,48.57,57.14
14638,50.00,45.71,171.43
14650,50.00,45.71,171.43
14662,50.00,45.71,171.43
14672,50.00,48.57,57.14
14683,50.00,45.71,171.43
14694,50.00,45.71,171.43
14705,50.00,48.57,57.14
14717,50.00,45.71,171.43
14727,50.00,45.71,171.43
14739,50.00,48.57,57.14
14749,50.00,45.71,171.43
14761,50.00,45.71,171.43
14773,50.00,45.71,171.43
14783,50.00,48.57,57.14
14795,50.00,45.71,171.43
14805,50.00,45.71,171.43
14817,50.00,48.57,57.14
14827,50.00,45.71,171.43
14838,50.00,45.71,171.43
14850,50.00,45.71,171.43
14862,50.00,45.71,171.43
14872,50.00,45.71,171.43
14883,50.00,48.57,57.14
14894,50.00,45.71,171.43
14905,50.00,45.71,171.43
14917,50.00,48.57,57.14
14928,50.00,45.71,171.43
14938,50.00,45.71,171.43
14951,50.00,45.71,171.43
14962,50.00,45.71,171.43
14972,50.00,45.71,171.43
14983,50.00,48.57,57.14
14995,50.00,45.71,171.43
15005,50.00,48.57,57.14
15017,50.00,45.71,171.43
15028,50.00,45.71,171.43
15038,50.00,45.71,171.43
15050,50.00,48.57,57.14
15061,50.00,45.71,171.43
15073,50.00,48.57,57.14
15083,50.00,45.71,171.43
15095,50.00,45.71,171.43
15105,50.00,45.71,171.43
15116,50.00,48.57,57.14
15128,50.00,45.71,171.43
15138,50.00,45.71,171.43
15150,50.00,45.71,171.43
15161,50.00,45.71,171.43
15172,50.00,48.57,57.14
15183,50.00,45.71,171.43
15194,50.00,45.71,171.43
15205,50.00,45.71,171.43
15217,50.00,48.57,57.14
15228,50.00,45.71,171.43
15238,50.00,45.71,171.43
15251,50.00,45.71,171.43
15261,50.00,45.71,171.43
15272,50.00,48.57,57.14
15283,50.00,45.71,171.43
15294,50.00,45.71,171.43
15306,50.00,48.57,57.14
15316,50.00,45.71,171.43
15327,50.00,45.71,171.43
15338,50.00,45.71,171.43
15350,50.00,45.71,171.43
15361,50.00,45.71,171.43
15372,50.00,48.57,57.14
15383,50.00,45.71,171.43
15394,50.00,45.71,171.43
15406,50.00,48.57,57.14
15416,50.00,45.71,171.43
15428,50.00,45.71,171.43
15439,50.00,48.57,57.14
15450,50.00,45.71,171.43
15461,50.00,45.71,171.43
15473,50.00,48.57,57.14
15483,50.00,45.71,171.43
15494,50.00,45.71,171.43
15505,50.00,48.57,57.14
15517,50.00,45.71,171.43
15527,50.00,45.71,171.43
15539,50.00,45.71,171.43
15550,50.00,45.71,171.43
15561,50.00,48.57,57.14
15572,50.00,45.71,171.43
15583,50.00,45.71,171.43
15595,50.00,45.71,171.43
15605,50.00,48.57,57.14
15616,50.00,45.71,171.43
15628,50.00,45.71,171.43
15638,50.00,45.71,171.43
15651,50.00,45.71,171.43
15662,50.00,48.57,57.14
15672,50.00,45.71,171.43
15683,50.00,45.71,171.43
15694,50.00,45.71,171.43
15705,50.00,48.57,57.14
15717,50.00,45.71,171.43
15727,50.00,45.71,171.43
15739,50.00,48.57,57.14
15750,50.00,45.71,171.43
15762,50.00,45.71,171.43
15772,50.00,48.57,57.14
15783,50.00,45.71,171.43
15795,50.00,45.71,171.43
15805,50.00,48.57,57.14
15816,50.00,45.71,171.43
15827,50.00,45.71,171.43
15839,50.00,48.57,57.14
15850,50.00,45.71,171.43
15861,50.00,48.57,57.14
15873,50.00,45.71,171.43
15883,50.00,45.71,171.43
15895,50.00,48.57,57.14
15905,50.00,45.71,171.43
15916,50.00,45.71,171.43
15927,50.00,45.71,171.43
15938,50.00,48.57,57.14
15951,50.00,45.71,171.43
15961,50.00,48.57,57.14
15972,50.00,45.71,171.43
15983,50.00,45.71,171.43
15994,50.00,48.57,57.14
16006,50.00,45.71,171.43
16016,50.00,45.71,171.43
16028,50.00,45.71,171.43
16038,50.00,48.57,57.14
16050,50.00,45.71,171.43
16061,50.00,48.57,57.14
16073,50.00,45.71,171.43
16084,50.00,45.71,171.43
16094,50.00,48.57,57.14
16105,50.00,45.71,171.43
16116,50.00,45.71,171.43
16128,50.00,48.57,57.14
16138,50.00,45.71,171.43
16150,50.00,48.57,57.14
16162,50.00,45.71,171.43
16172,50.00,45.71,171.43
16183,50.00,45.71,171.43
16194,50.00,48.57,57.14
16205,50.00,45.71,171.43
16216,50.00,45.71,171.43
16228,50.00,48.57,57.14
16238,50.00,45.71,171.43
16250,50.00,45.71,171.43
16261,50.00,48.57,57.14
16273,50.00,45.71,171.43
16284,50.00,48.57,57.14
16294,50.00,45.71,171.43
16306,50.00,45.71,171.43
16317,50.00,45.71,171.43
16328,50.00,48.57,57.14
16338,50.00,45.71,171.43
16350,50.00,48.57,57.14
16362,50.00,45.71,171.43
16373,50.00,45.71,171.43
16384,50.00,45.71,171.43
16394,50.00,48.57,57.14
16406,50.00,45.71,171.43
16417,50.00,48.57,57.14
16427,50.00,45.71,171.43
16438,50.00,45.71,171.43
16451,50.00,48.57,57.14
16461,50.00,45.71,171.43
16473,50.00,45.71,171.43
16483,50.00,48.57,57.14
16494,50.00,45.71,171.43
16505,50.00,45.71,171.43
16516,50.00,45.71,171.43
16527,50.00,48.57,57.14
16538,50.00,45.71,171.43
16551,50.00,45.71,171.43
16561,50.00,45.71,171.43
16572,50.00,45.71,171.43
16584,50.00,48.57,57.14
16594,50.00,45.71,171.43
16605,50.00,45.71,171.43
16617,50.00,48.57,57.14
16628,50.00,45.71,171.43
16638,50.00,45.71,171.43
16650,50.00,45.71,171.43
16662,50.00,45.71,171.43
16673,50.00,45.71,171.43
16683,50.00,48.57,57.14
16695,50.00,45.71,171.43
16705,50.00,48.57,57.14
16716,50.00,45.71,171.43
16728,50.00,45.71,171.43
16739,50.00,45.71,171.43
16750,50.00,48.57,57.14
16762,50.00,45.71,171.43
16772,50.00,48.57,57.14
16783,50.00,45.71,171.43
16794,50.00,45.71,171.43
16806,50.00,45.71,171.43
16816,50.00,48.57,57.14
16828,50.00,45.71,171.43
16838,50.00,45.71,171.43
16850,50.00,45.71,171.43
16861,50.00,45.71,171.43
16872,50.00,48.57,57.14
16883,50.00,45.71,171.43
16894,50.00,45.71,171.43
16905,50.00,45.71,171.43
16916,50.00,48.57,57.14
16928,50.00,45.71,171.43
16938,50.00,45.71,171.43
16950,50.00,45.71,171.43
16962,50.00,45.71,171.43
16972,50.00,48.57,57.14
16984,50.00,45.71,171.43
16994,50.00,45.71,171.43
17006,50.00,48.57,57.14
17017,50.00,45.71,171.43
17027,50.00,45.71,171.43
17038,50.00,45.71,171.43
17051,50.00,45.71,171.43
17061,50.00,45.71,171.43
17072,50.00,48.57,57.14
17083,50.00,45.71,171.43
17094,50.00,45.71,171.43
17105,50.00,48.57,57.14
17116,50.00,45.71,171.43
17128,50.00,45.71,171.43
17138,50.00,48.57,57.14
17149,50.00,45.71,171.43
17162,50.00,45.71,171.43
17172,50.00,48.57,57.14
17183,50.00,45.71,171.43
17195,50.00,45.71,171.43
17205,50.00,48.57,57.14
17217,50.00,45.71,171.43
17227,50.00,45.71,171.43
17239,50.00,48.57,57.14
17250,50.00,45.71,171.43
17261,50.00,45.71,171.43
17272,50.00,48.57,57.14
17283,50.00,45.71,171.43
17294,50.00,48.57,57.14
17305,50.00,45.71,171.43
17316,50.00,45.71,171.43
17328,50.00,45.71,171.43
17338,50.00,45.71,171.43
17350,50.00,45.71,171.43
17362,50.00,48.57,57.14
17373,50.00,45.71,171.43
17383,50.00,45.71,171.43
17394,50.00,45.71,171.43
17406,50.00,48.57,57.14
17416,50.00,45.71,171.43
17427,50.00,45.71,171.43
17439,50.00,48.57,57.14
17450,50.00,45.71,171.43
17461,50.00,45.71,171.43
17472,50.00,48.57,57.14
17483,50.00,45.71,171.43
17494,50.00,48.57,57.14
17506,50.00,45.71,171.43
17516,50.00,45.71,171.43
17527,50.00,45.71,171.43
17538,50.00,48.57,57.14
17549,50.00,45.71,171.43
17561,50.00,45.71,171.43
17572,50.00,48.57,57.14
17583,50.00,45.71,171.43
17594,50.00,48.57,57.14
17605,50.00,45.71,171.43
17616,50.00,45.71,171.43
17627,50.00,45.71,171.43
17638,50.00,48.57,57.14
17650,50.00,45.71,171.43
17661,50.00,48.57,57.14
17672,50.00,45.71,171.43
17684,50.00,45.71,171.43
17695,50.00,45.71,171.43
17706,50.00,48.57,57.14
17716,50.00,45.71,171.43
17727,50.00,48.57,57.14
17739,50.00,45.71,171.43
17751,50.00,45.71,171.43
17761,50.00,45.71,171.43
17773,50.00,48.57,57.14
17784,50.00,45.71,171.43
17794,50.00,48.57,57.14
17805,50.00,45.71,171.43
17816,50.00,45.71,171.43
17828,50.00,48.57,57.14
17838,50.00,45.71,171.43
17851,50.00,45.71,171.43
17862,50.00,48.57,57.14
17872,50.00,45.71,171.43
17884,50.00,45.71,171.43
17894,50.00,48.57,57.14
17906,50.00,45.71,171.43
17916,50.00,45.71,171.43
17927,50.00,48.57,57.14
17938,50.00,45.71,171.43
17951,50.00,45.71,171.43
17962,50.00,48.57,57.14
17973,50.00,45.71,171.43
17984,50.00,45.71,171.43
17994,50.00,48.57,57.14
18005,50.00,45.71,171.43
18016,50.00,45.71,171.43
18028,50.00,48.57,57.14
18039,50.00,45.71,171.43
18051,50.00,48.57,57.14
18061,50.00,45.71,171.43
18073,50.00,45.71,171.43
18083,50.00,45.71,171.43
18094,50.00,48.57,57.14
18106,50.00,45.71,171.43
18116,50.00,45.71,171.43
18128,50.00,48.57,57.14
18138,50.00,45.71,171.43
18150,50.00,48.57,57.14
18161,50.00,45.71,171.43
18173,50.00,45.71,171.43
18183,50.00,45.71,171.43
18194,50.00,48.57,57.14
18205,50.00,45.71,171.43
18216,50.00,45.71,171.43
18227,50.00,45.71,171.43
18238,50.00,48.57,57.14
18250,50.00,45.71,171.43
18262,50.00,48.57,57.14
18272,50.00,45.71,171.43
18283,50.00,45.71,171.43
18295,50.00,48.57,57.14
18305,50.00,45.71,171.43
18316,50.00,45.71,171.43
18327,50.00,45.71,171.43
18338,50.00,48.57,57.14
18350,50.00,45.71,171.43
18361,50.00,48.57,57.14
18373,50.00,45.71,171.43
18383,50.00,45.71,171.43
18394,50.00,48.57,57.14
18405,50.00,45.71,171.43
18417,50.00,45.71,171.43
18427,50.00,48.57,57.14
18438,50.00,45.71,171.43
18451,50.00,45.71,171.43
18462,50.00,48.57,57.14
18472,50.00,45.71,171.43
18484,50.00,45.71,171.43
18494,50.00,48.57,57.14
18506,50.00,45.71,171.43
18516,50.00,45.71,171.43
18528,50.00,48.57,57.14
18538,50.00,45.71,171.43
18551,50.00,45.71,171.43
18561,50.00,48.57,57.14
18572,50.00,45.71,171.43
18583,50.00,45.71,171.43
18595,50.00,48.57,57.14
18605,50.00,45.71,171.43
18617,50.00,45.71,171.43
18628,50.00,48.57,57.14
18638,50.00,45.71,171.43
18650,50.00,45.71,171.43
18661,50.00,48.57,57.14
18673,50.00,45.71,171.43
18684,50.00,48.57,57.14
18694,50.00,45.71,171.43
18706,50.00,45.71,171.43
18716,50.00,45.71,171.43
18727,50.00,45.71,171.43
18739,50.00,48.57,57.14
18750,50.00,48.57,57.14
18762,50.00,45.71,171.43
18772,50.00,45.71,171.43
18784,50.00,45.71,171.43
18795,50.00,48.57,57.14
18805,50.00,45.71,171.43
18816,50.00,45.71,171.43
18827,50.00,48.57,57.14
18838,50.00,45.71,171.43
18850,50.00,48.57,57.14
18862,50.00,45.71,171.43
18872,50.00,45.71,171.43
18883,50.00,45.71,171.43
18894,50.00,48.57,57.14
18905,50.00,45.71,171.43
18917,50.00,45.71,171.43
18927,50.00,48.57,57.14
18939,50.00,45.71,171.43
18950,50.00,48.57,57.14
18961,50.00,45.71,171.43
18972,50.00,45.71,171.43
18983,50.00,48.57,57.14
18994,50.00,45.71,171.43
19006,50.00,45.71,171.43
19017,50.00,45.71,171.43
19027,50.00,48.57,57.14
19038,50.00,45.71,171.43
19050,50.00,48.57,57.14
19061,50.00,45.71,171.43
19072,50.00,45.71,171.43
19084,50.00,48.57,57.14
19095,50.00,45.71,171.43
19106,50.00,45.71,171.43
19117,50.00,45.71,171.43
19128,50.00,48.57,57.14
19139,50.00,45.71,171.43
19150,50.00,45.71,171.43
19161,50.00,45.71,171.43
19173,50.00,45.71,171.43
19184,50.00,45.71,171.43
19194,50.00,48.57,57.14
19205,50.00,45.71,171.43
19216,50.00,48.57,57.14
19227,50.00,45.71,171.43
19238,50.00,45.71,171.43
19251,50.00,48.57,57.14
19262,50.00,45.71,171.43
19273,50.00,45.71,171.43
19284,50.00,48.57,57.14
19295,50.00,45.71,171.43
19306,50.00,45.71,171.43
19316,50.00,48.57,57.14
19328,50.00,45.71,171.43
19338,50.00,45.71,171.43
19350,50.00,48.57,57.14
19361,50.00,45.71,171.43
19372,50.00,45.71,171.43
19383,50.00,48.57,57.14
19394,50.00,45.71,171.43
19406,50.00,45.71,171.43
19416,50.00,48.57,57.14
19427,50.00,45.71,171.43
19438,50.00,45.71,171.43
19450,50.00,45.71,171.43
19462,50.00,45.71,171.43
19472,50.00,45.71,171.43
19483,50.00,48.57,57.14
19495,50.00,45.71,171.43
19505,50.00,45.71,171.43
19517,50.00,48.57,57.14
19527,50.00,45.71,171.43
19538,50.00,45.71,171.43
19551,50.00,45.71,171.43
19562,50.00,45.71,171.43
19572,50.00,45.71,171.43
19584,50.00,48.57,57.14
19595,50.00,45.71,171.43
19605,50.00,48.57,57.14
19616,50.00,45.71,171.43
19628,50.00,45.71,171.43
19638,50.00,45.71,171.43
19650,50.00,45.71,171.43
19661,50.00,45.71,171.43
19672,50.00,48.57,57.14
19683,50.00,45.71,171.43
19694,50.00,45.71,171.43
19706,50.00,45.71,171.43
19716,50.00,48.57,57.14
19728,50.00,45.71,171.43
19738,50.00,48.57,57.14
19749,50.00,45.71,171.43
19761,50.00,45.71,171.43
19772,50.00,48.57,57.14
19783,50.00,45.71,171.43
19794,50.00,45.71,171.43
19806,50.00,48.57,57.14
19816,50.00,45.71,171.43
19827,50.00,45.71,171.43
19838,50.00,48.57,57.14
19851,50.00,45.71,171.43
19861,50.00,45.71,171.43
19873,50.00,48.57,57.14
19884,50.00,45.71,171.43
19894,50.00,45.71,171.43
19905,50.00,48.57,57.14
19917,50.00,45.71,171.43
19928,50.00,45.71,171.43
19938,50.00,48.57,57.14
19950,50.00,45.71,171.43
19962,50.00,48.57,57.14
19972,50.00,45.71,171.43
19983,50.00,45.71,171.43
19994,50.00,48.57,57.14
20005,50.00,45.71,171.43
20016,50.00,45.71,171.43
20027,50.00,45.71,171.43
20039,50.00,48.57,57.14
20051,50.00,45.71,171.43
20062,50.00,48.57,57.14
20072,50.00,45.71,171.43
20084,50.00,45.71,171.43
20094,50.00,48.57,57.14
20105,50.00,45.71,171.43
20117,50.00,45.71,171.43
20127,50.00,45.71,171.43
20139,50.00,48.57,57.14
20151,50.00,45.71,171.43
20161,50.00,48.57,57.14
20172,50.00,45.71,171.43
20184,50.00,45.71,171.43
20194,50.00,48.57,57.14
20205,50.00,45.71,171.43
20216,50.00,45.71,171.43
20228,50.00,48.57,57.14
20238,50.00,45.71,171.43
20251,50.00,45.71,171.43
20262,50.00,48.57,57.14
20272,50.00,45.71,171.43
20283,50.00,48.57,57.14
20294,50.00,45.71,171.43
20306,50.00,45.71,171.43
20316,50.00,45.71,171.43
20327,50.00,48.57,57.14
20338,50.00,45.71,171.43
20350,50.00,45.71,171.43
20361,50.00,48.57,57.14
20372,50.00,45.71,171.43
20383,50.00,48.57,57.14
20394,50.00,45.71,171.43
20405,50.00,45.71,171.43
20417,50.00,45.71,171.43
20427,50.00,48.57,57.14
20438,50.00,45.71,171.43
20450,50.00,48.57,57.14
20462,50.00,45.71,171.43
20473,50.00,45.71,171.43
20484,50.00,45.71,171.43
20494,50.00,48.57,57.14
20505,50.00,45.71,171.43
20516,50.00,45.71,171.43
20528,50.00,48.57,57.14
20538,50.00,45.71,171.43
20550,50.00,48.57,57.14
20562,50.00,45.71,171.43
20572,50.00,45.71,171.43
20583,50.00,48.57,57.14
20595,50.00,45.71,171.43
20605,50.00,45.71,171.43
20617,50.00,45.71,171.43
20628,50.00,48.57,57.14
20639,50.00,45.71,171.43
20651,50.00,48.57,57.14
20661,50.00,45.71,171.43
20672,50.00,45.71,171.43
20684,50.00,48.57,57.14
20695,50.00,45.71,171.43
20706,50.00,45.71,171.43
20716,50.00,45.71,171.43
20728,50.00,48.57,57.14
20738,50.00,45.71,171.43
20750,50.00,48.57,57.14
20762,50.00,45.71,171.43
20772,50.00,45.71,171.43
20783,50.00,48.57,57.14
20794,50.00,45.71,171.43
20805,50.00,45.71,171.43
20816,50.00,45.71,171.43
20828,50.00,48.57,57.14
20838,50.00,45.71,171.43
20850,50.00,45.71,171.43
20861,50.00,45.71,171.43
20872,50.00,45.71,171.43
20884,50.00,48.57,57.14
20894,50.00,45.71,171.43
20905,50.00,45.71,171.43
20917,50.00,45.71,171.43
20928,50.00,48.57,57.14
20938,50.00,45.71,171.43
20950,50.00,45.71,171.43
20961,50.00,45.71,171.43
20972,50.00,45.71,171.43
20983,50.00,48.57,57.14
20994,50.00,45.71,171.43
21005,50.00,45.71,171.43
21017,50.00,48.57,57.14
21027,50.00,45.71,171.43
21039,50.00,45.71,171.43
21050,50.00,45.71,171.43
21062,50.00,45.71,171.43
21073,50.00,45.71,171.43
21084,50.00,48.57,57.14
21094,50.00,45.71,171.43
21106,50.00,48.57,57.14
21116,50.00,45.71,171.43
21127,50.00,45.71,171.43
21138,50.00,45.71,171.43
21150,50.00,45.71,171.43
21162,50.00,45.71,171.43
21173,50.00,45.71,171.43
21183,50.00,48.57,57.14
21195,50.00,45.71,171.43
21206,50.00,48.57,57.14
21217,50.00,45.71,171.43
21228,50.00,45.71,171.43
21239,50.00,45.71,171.43
21250,50.00,45.71,171.43
21261,50.00,45.71,171.43
21273,50.00,48.57,57.14
21283,50.00,45.71,171.43
21295,50.00,45.71,171.43
21305,50.00,48.57,57.14
21317,50.00,45.71,171.43
21327,50.00,45.71,171.43
21338,50.00,45.71,171.43
21351,50.00,45.71,171.43
21362,50.00,48.57,57.14
21372,50.00,45.71,171.43
21384,50.00,45.71,171.43
21394,50.00,45.71,171.43
21405,50.00,48.57,57.14
21417,50.00,45.71,171.43
21427,50.00,45.71,171.43
21439,50.00,45.71,171.43
21450,50.00,45.71,171.43
21461,50.00,48.57,57.14
21472,50.00,45.71,171.43
21483,50.00,45.71,171.43
21494,50.00,45.71,171.43
21505,50.00,48.57,57.14
21517,50.00,45.71,171.43
21528,50.00,45.71,171.43
21538,50.00,45.71,171.43
21550,50.00,45.71,171.43
21562,50.00,48.57,57.14
21573,50.00,45.71,171.43
21583,50.00,45.71,171.43
21594,50.00,45.71,171.43
21606,50.00,45.71,171.43
21617,50.00,48.57,57.14
21627,50.00,45.71,171.43
21638,50.00,48.57,57.14
21650,50.00,45.71,171.43
21662,50.00,45.71,171.43
21672,50.00,48.57,57.14
21683,50.00,45.71,171.43
21694,50.00,48.57,57.14
21706,50.00,45.71,171.43
21716,50.00,45.71,171.43
21727,50.00,45.71,171.43
21738,50.00,45.71,171.43
21750,50.00,45.71,171.43
21762,50.00,48.57,57.14
21772,50.00,45.71,171.43
21784,50.00,45.71,171.43
21795,50.00,45.71,171.43
21805,50.00,48.57,57.14
21817,50.00,45.71,171.43
21827,50.00,45.71,171.43
21838,50.00,48.57,57.14
21851,50.00,45.71,171.43
21861,50.00,48.57,57.14
21873,50.00,45.71,171.43
21883,50.00,45.71,171.43
21894,50.00,45.71,171.43
21905,50.00,48.57,57.14
21916,50.00,45.71,171.43
21928,50.00,45.71,171.43
21938,50.00,48.57,57.14
21950,50.00,45.71,171.43
21962,50.00,48.57,57.14
21973,50.00,45.71,171.43
21984,50.00,45.71,171.43
21994,50.00,45.71,171.43
22005,50.00,48.57,57.14
22017,50.00,45.71,171.43
22027,50.00,45.71,171.43
22039,50.00,48.57,57.14
22050,50.00,45.71,171.43
22061,50.00,48.57,57.14
22073,50.00,45.71,171.43
22083,50.00,45.71,171.43
22094,50.00,45.71,171.43
22105,50.00,48.57,57.14
22117,50.00,45.71,171.43
22128,50.00,48.57,57.14
22138,50.00,45.71,171.43
22150,50.00,45.71,171.43
22161,50.00,45.71,171.43
22173,50.00,48.57,57.14
22184,50.00,45.71,171.43
22194,50.00,48.57,57.14
22205,50.00,45.71,171.43
22216,50.00,45.71,171.43
22227,50.00,45.71,171.43
22238,50.00,48.57,57.14
22250,50.00,45.71,171.43
22262,50.00,48.57,57.14
22272,50.00,45.71,171.43
22284,50.00,45.71,171.43
22294,50.00,48.57,57.14
22305,50.00,45.71,171.43
22316,50.00,45.71,171.43
22327,50.00,45.71,171.43
22338,50.00,48.57,57.14
22350,50.00,48.57,57.14
22362,50.00,45.71,171.43
22373,50.00,45.71,171.43
22384,50.00,45.71,171.43
22395,50.00,48.57,57.14
22405,50.00,45.71,171.43
22416,50.00,45.71,171.43
22427,50.00,45.71,171.43
22438,50.00,48.57,57.14
22449,50.00,48.57,57.14
22461,50.00,45.71,171.43
22471,50.00,45.71,171.43
22482,50.00,45.71,171.43
22494,50.00,48.57,57.14
22505,50.00,45.71,171.43
22515,50.00,45.71,171.43
22527,50.00,48.57,57.14
22537,50.00,45.71,171.43
22549,50.00,45.71,171.43
22560,50.00,45.71,171.43
22572,50.00,45.71,171.43
22583,50.00,48.57,57.14
22594,50.00,45.71,171.43
22604,50.00,45.71,171.43
22615,50.00,45.71,171.43
22627,50.00,48.57,57.14
22637,50.00,45.71,171.43
22648,50.00,45.71,171.43
22660,50.00,45.71,171.43
22671,50.00,45.71,171.43
22682,50.00,48.57,57.14
22693,50.00,45.71,171.43
22704,50.00,45.71,171.43
22716,50.00,45.71,171.43
22727,50.00,48.57,57.14
22737,50.00,45.71,171.43
22749,50.00,48.57,57.14
22760,50.00,45.71,171.43
22771,50.00,45.71,171.43
22782,50.00,48.57,57.14
22793,50.00,45.71,171.43
22804,50.00,45.71,171.43
22815,50.00,48.57,57.14
22826,50.00,45.71,171.43
22838,50.00,45.71,171.43
22848,50.00,48.57,57.14
22859,50.00,45.71,171.43
22871,50.00,45.71,171.43
22883,50.00,48.57,57.14
22894,50.00,45.71,171.43
22904,50.00,45.71,171.43
22915,50.00,48.57,57.14
22926,50.00,45.71,171.43
22938,50.00,45.71,171.43
22948,50.00,48.57,57.14
22960,50.00,45.71,171.43
22971,50.00,48.57,57.14
22983,50.00,45.71,171.43
22993,50.00,45.71,171.43
23004,50.00,45.71,171.43
23016,50.00,48.57,57.14
23027,50.00,45.71,171.43
23037,50.00,48.57,57.14
23049,50.00,45.71,171.43
23060,50.00,45.71,171.43
23071,50.00,48.57,57.14
23082,50.00,45.71,171.43
23094,50.00,45.71,171.43
23104,50.00,45.71,171.43
23115,50.00,48.57,57.14
23127,50.00,45.71,171.43
23138,50.00,48.57,57.14
23149,50.00,45.71,171.43
23160,50.00,45.71,171.43
23172,50.00,48.57,57.14
23182,50.00,45.71,171.43
23193,50.00,45.71,171.43
23205,50.00,48.57,57.14
23215,50.00,45.71,171.43
23227,50.00,45.71,171.43
23237,50.00,48.57,57.14
23249,50.00,45.71,171.43
23261,50.00,48.57,57.14
23272,50.00,45.71,171.43
23282,50.00,45.71,171.43
23294,50.00,45.71,171.43
23304,50.00,48.57,57.14
23315,50.00,45.71,171.43
23327,50.00,45.71,171.43
23338,50.00,48.57,57.14
23348,50.00,45.71,171.43
23360,50.00,48.57,57.14
23372,50.00,45.71,171.43
23382,50.00,45.71,171.43
23393,50.00,45.71,171.43
23404,50.00,48.57,57.14
23415,50.00,45.71,171.43
23427,50.00,48.57,57.14
23438,50.00,45.71,171.43
23448,50.00,45.71,171.43
23460,50.00,48.57,57.14
23471,50.00,45.71,171.43
23482,50.00,45.71,171.43
23493,50.00,48.57,57.14
23504,50.00,45.71,171.43
23516,50.00,45.71,171.43
23527,50.00,48.57,57.14
23538,50.00,45.71,171.43
23549,50.00,45.71,171.43
23561,50.00,48.57,57.14
23572,50.00,45.71,171.43
23582,50.00,48.57,57.14
23593,50.00,45.71,171.43
23604,50.00,45.71,171.43
23615,50.00,45.71,171.43
23627,50.00,48.57,57.14
23638,50.00,45.71,171.43
23649,50.00,45.71,171.43
23660,50.00,45.71,171.43
23672,50.00,45.71,171.43
23683,50.00,45.71,171.43
23693,50.00,48.57,57.14
23704,50.00,45.71,171.43
23715,50.00,48.57,57.14
23727,50.00,45.71,171.43
23737,50.00,45.71,171.43
23749,50.00,45.71,171.43
23760,50.00,45.71,171.43
23771,50.00,45.71,171.43
23783,50.00,48.57,57.14
23794,50.00,45.71,171.43
23805,50.00,45.71,171.43
23815,50.00,48.57,57.14
23826,50.00,45.71,171.43
23837,50.00,45.71,171.43
23848,50.00,48.57,57.14
23860,50.00,45.71,171.43
23872,50.00,48.57,57.14
23883,50.00,45.71,171.43
23894,50.00,45.71,171.43
23904,50.00,45.71,171.43
23916,50.00,48.57,57.14
23926,50.00,45.71,171.43
23937,50.00,45.71,171.43
23948,50.00,48.57,57.14
23961,50.00,45.71,171.43
23971,50.00,48.57,57.14
23983,50.00,45.71,171.43
23994,50.00,45.71,171.43
24004,50.00,48.57,57.14
24016,50.00,45.71,171.43
24026,50.00,45.71,171.43
24037,50.00,45.71,171.43
24048,50.00,48.57,57.14
24060,50.00,45.71,171.43
24071,50.00,48.57,57.14
24082,50.00,45.71,171.43
24094,50.00,45.71,171.43
24105,50.00,48.57,57.14
24116,50.00,45.71,171.43
24126,50.00,45.71,171.43
24137,50.00,48.57,57.14
24149,50.00,45.71,171.43
24160,50.00,48.57,57.14
24172,50.00,45.71,171.43
24182,50.00,45.71,171.43
24194,50.00,45.71,171.43
24204,50.00,48.57,57.14
24215,50.00,45.71,171.43
24227,50.00,45.71,171.43
24238,50.00,48.57,57.14
24248,50.00,45.71,171.43
24261,50.00,48.57,57.14
24272,50.00,45.71,171.43
24282,50.00,45.71,171.43
24293,50.00,48.57,57.14
24304,50.00,45.71,171.43
24316,50.00,45.71,171.43
24327,50.00,45.71,171.43
24338,50.00,48.57,57.14
24349,50.00,45.71,171.43
24361,50.00,48.57,57.14
24372,50.00,45.71,171.43
24382,50.00,45.71,171.43
24394,50.00,48.57,57.14
24404,50.00,45.71,171.43
24415,50.00,45.71,171.43
24427,50.00,48.57,57.14
24437,50.00,45.71,171.43
24449,50.00,45.71,171.43
24461,50.00,48.57,57.14
24471,50.00,45.71,171.43
24482,50.00,48.57,57.14
24493,50.00,45.71,171.43
24504,50.00,45.71,171.43
24516,50.00,45.71,171.43
24526,50.00,48.57,57.14
24537,50.00,45.71,171.43
24549,50.00,45.71,171.43
24561,50.00,48.57,57.14
24571,50.00,45.71,171.43
24582,50.00,48.57,57.14
24593,50.00,45.71,171.43
24604,50.00,45.71,171.43
24616,50.00,45.71,171.43
24626,50.00,48.57,57.14
24638,50.00,45.71,171.43
24648,50.00,45.71,171.43
24661,50.00,45.71,171.43
24671,50.00,45.71,171.43
24683,50.00,48.57,57.14
24694,50.00,45.71,171.43
24704,50.00,45.71,171.43
24716,50.00,48.57,57.14
24727,50.00,45.71,171.43
24737,50.00,45.71,171.43
24749,50.00,45.71,171.43
24760,50.00,45.71,171.43
24772,50.00,48.57,57.14
24782,50.00,45.71,171.43
24794,50.00,45.71,171.43
24805,50.00,45.71,171.43
24816,50.00,48.57,57.14
24827,50.00,45.71,171.43
24837,50.00,45.71,171.43
24849,50.00,48.57,57.14
24860,50.00,45.71,171.43
24872,50.00,45.71,171.43
24882,50.00,48.57,57.14
24893,50.00,45.71,171.43
24905,50.00,48.57,57.14
24915,50.00,45.71,171.43
24926,50.00,45.71,171.43
24938,50.00,45.71,171.43
24948,50.00,48.57,57.14
24961,50.00,45.71,171.43
24971,50.00,48.57,57.14
24983,50.00,45.71,171.43
24993,50.00,45.71,171.43
25005,50.00,48.57,57.14
25016,50.00,45.71,171.43
25026,50.00,45.71,171.43
25038,50.00,48.57,57.14
25048,50.00,45.71,171.43
25061,50.00,48.57,57.14
25071,50.00,45.71,171.43
25083,50.00,45.71,171.43
25094,50.00,45.71,171.43
25104,50.00,48.57,57.14
25115,50.00,45.71,171.43
25126,50.00,45.71,171.43
25137,50.00,48.57,57.14
25148,50.00,45.71,171.43
25161,50.00,48.57,57.14
25171,50.00,45.71,171.43
25182,50.00,45.71,171.43
25194,50.00,48.57,57.14
25205,50.00,45.71,171.43
25215,50.00,45.71,171.43
25226,50.00,45.71,171.43
25238,50.00,48.57,57.14
25249,50.00,45.71,171.43
25261,50.00,45.71,171.43
25272,50.00,45.71,171.43
25282,50.00,45.71,171.43
25293,50.00,48.57,57.14
25305,50.00,45.71,171.43
25316,50.00,45.71,171.43
25327,50.00,48.57,57.14
25337,50.00,45.71,171.43
25348,50.00,45.71,171.43
25360,50.00,48.57,57.14
25372,50.00,45.71,171.43
25383,50.00,48.57,57.14
25394,50.00,45.71,171.43
25405,50.00,45.71,171.43
25416,50.00,45.71,171.43
25426,50.00,48.57,57.14
25438,50.00,45.71,171.43
25448,50.00,48.57,57.14
25459,50.00,45.71,171.43
25471,50.00,45.71,171.43
25482,50.00,45.71,171.43
25493,50.00,48.57,57.14
25504,50.00,45.71,171.43
25515,50.00,48.57,57.14
25526,50.00,45.71,171.43
25537,50.00,45.71,171.43
25549,50.00,48.57,57.14
25561,50.00,45.71,171.43
25571,50.00,45.71,171.43
25583,50.00,48.57,57.14
25593,50.00,45.71,171.43
25604,50.00,45.71,171.43
25615,50.00,48.57,57.14
25627,50.00,45.71,171.43
25637,50.00,45.71,171.43
25648,50.00,48.57,57.14
25660,50.00,45.71,171.43
25672,50.00,48.57,57.14
25682,50.00,45.71,171.43
25694,50.00,45.71,171.43
25704,50.00,45.71,171.43
25716,50.00,48.57,57.14
25727,50.00,45.71,171.43
25737,50.00,48.57,57.14
25748,50.00,45.71,171.43
25761,50.00,45.71,171.43
25772,50.00,48.57,57.14
25783,50.00,45.71,171.43
25793,50.00,45.71,171.43
25804,50.00,48.57,57.14
25816,50.00,45.71,171.43
25827,50.00,45.71,171.43
25838,50.00,45.71,171.43
25849,50.00,48.57,57.14
25859,50.00,48.57,57.14
25870,50.00,45.71,171.43
25882,50.00,45.71,171.43
25893,50.00,45.71,171.43
25903,50.00,48.57,57.14
25914,50.00,45.71,171.43
25926,50.00,45.71,171.43
25937,50.00,48.57,57.14
25947,50.00,45.71,171.43
25958,50.00,45.71,171.43
25970,50.00,45.71,171.43
25982,50.00,45.71,171.43
25993,50.00,45.71,171.43
26003,50.00,48.57,57.14
26014,50.00,45.71,171.43
26026,50.00,48.57,57.14
26037,50.00,45.71,171.43
26048,50.00,45.71,171.43
26059,50.00,45.71,171.43
26071,50.00,45.71,171.43
26081,50.00,45.71,171.43
26093,50.00,48.57,57.14
26104,50.00,45.71,171.43
26115,50.00,45.71,171.43
26125,50.00,45.71,171.43
26136,50.00,48.57,57.14
26148,50.00,45.71,171.43
26158,50.00,48.57,57.14
26170,50.00,45.71,171.43
26182,50.00,45.71,171.43
26193,50.00,48.57,57.14
26204,50.00,45.71,171.43
26214,50.00,48.57,57.14
26225,50.00,45.71,171.43
26237,50.00,45.71,171.43
26247,50.00,45.71,171.43
26258,50.00,45.71,171.43
26270,50.00,45.71,171.43
26282,50.00,48.57,57.14
26292,50.00,45.71,171.43
26304,50.00,45.71,171.43
26315,50.00,48.57,57.14
26326,50.00,45.71,171.43
26336,50.00,45.71,171.43
26347,50.00,45.71,171.43
26358,50.00,48.57,57.14
26370,50.00,45.71,171.43
26381,50.00,48.57,57.14
26392,50.00,45.71,171.43
26403,50.00,48.57,57.14
26414,50.00,45.71,171.43
26425,50.00,45.71,171.43
26436,50.00,45.71,171.43
26447,50.00,45.71,171.43
26458,50.00,48.57,57.14
26470,50.00,48.57,57.14
26480,50.00,45.71,171.43
26491,50.00,45.71,171.43
26503,50.00,45.71,171.43
26513,50.00,48.57,57.14
26525,50.00,45.71,171.43
26536,50.00,48.57,57.14
26547,50.00,45.71,171.43
26557,50.00,45.71,171.43
26569,50.00,45.71,171.43
26580,50.00,45.71,171.43
26591,50.00,45.71,171.43
26603,50.00,48.57,57.14
26613,50.00,45.71,171.43
26624,50.00,45.71,171.43
26636,50.00,45.71,171.43
26646,50.00,48.57,57.14
26658,50.00,45.71,171.43
26669,50.00,48.57,57.14
26680,50.00,45.71,171.43
26692,50.00,45.71,171.43
26703,50.00,48.57,57.14
26713,50.00,45.71,171.43
26725,50.00,45.71,171.43
26736,50.00,48.57,57.14
26746,50.00,45.71,171.43
26757,50.00,45.71,171.43
26768,50.00,48.57,57.14
26780,50.00,45.71,171.43
26792,50.00,45.71,171.43
26802,50.00,48.57,57.14
26813,50.00,45.71,171.43
26825,50.00,48.57,57.14
26836,50.00,45.71,171.43
26846,50.00,45.71,171.43
26858,50.00,45.71,171.43
26868,50.00,48.57,57.14
26881,50.00,45.71,171.43
26891,50.00,48.57,57.14
26902,50.00,45.71,171.43
26913,50.00,45.71,171.43
26924,50.00,45.71,171.43
26935,50.00,48.57,57.14
26946,50.00,45.71,171.43
26957,50.00,48.57,57.14
26968,50.00,45.71,171.43
26980,50.00,45.71,171.43
26991,50.00,48.57,57.14
27002,50.00,45.71,171.43
27014,50.00,45.71,171.43
27024,50.00,48.57,57.14
27035,50.00,45.71,171.43
27046,50.00,45.71,171.43
27057,50.00,48.57,57.14
27068,50.00,45.71,171.43
27081,50.00,48.57,57.14
27091,50.00,45.71,171.43
27102,50.00,45.71,171.43
27114,50.00,45.71,171.43
27125,50.00,48.57,57.14
27136,50.00,45.71,171.43
27146,50.00,48.57,57.14
27157,50.00,45.71,171.43
27169,50.00,45.71,171.43
27181,50.00,45.71,171.43
27191,50.00,48.57,57.14
27202,50.00,45.71,171.43
27214,50.00,48.57,57.14
27225,50.00,45.71,171.43
27236,50.00,45.71,171.43
27246,50.00,48.57,57.14
27258,50.00,45.71,171.43
27268,50.00,45.71,171.43
27280,50.00,48.57,57.14
27292,50.00,45.71,171.43
27303,50.00,45.71,171.43
27314,50.00,48.57,57.14
27324,50.00,45.71,171.43
27336,50.00,45.71,171.43
27346,50.00,48.57,57.14
27357,50.00,45.71,171.43
27368,50.00,45.71,171.43
27380,50.00,48.57,57.14
27391,50.00,45.71,171.43
27403,50.00,48.57,57.14
27413,50.00,45.71,171.43
27424,50.00,45.71,171.43
27435,50.00,45.71,171.43
27446,50.00,48.57,57.14
27457,50.00,45.71,171.43
27469,50.00,45.71,171.43
27481,50.00,45.71,171.43
27491,50.00,45.71,171.43
27503,50.00,45.71,171.43
27513,50.00,48.57,57.14
27524,50.00,45.71,171.43
27535,50.00,48.57,57.14
27546,50.00,45.71,171.43
27558,50.00,45.71,171.43
27568,50.00,45.71,171.43
27581,50.00,45.71,171.43
27591,50.00,45.71,171.43
27603,50.00,48.57,57.14
27614,50.00,45.71,171.43
27624,50.00,45.71,171.43
27635,50.00,48.57,57.14
27647,50.00,45.71,171.43
27657,50.00,45.71,171.43
27669,50.00,48.57,57.14
27680,50.00,45.71,171.43
27691,50.00,45.71,171.43
27702,50.00,48.57,57.14
27713,50.00,45.71,171.43
27725,50.00,48.57,57.14
27735,50.00,45.71,171.43
27747,50.00,45.71,171.43
27757,50.00,45.71,171.43
27768,50.00,48.57,57.14
27781,50.00,45.71,171.43
27791,50.00,48.57,57.14
27803,50.00,45.71,171.43
27814,50.00,45.71,171.43
27824,50.00,45.71,171.43
27836,50.00,48.57,57.14
27847,50.00,45.71,171.43
27858,50.00,48.57,57.14
27869,50.00,45.71,171.43
27881,50.00,45.71,171.43
27892,50.00,48.57,57.14
27902,50.00,45.71,171.43
27913,50.00,45.71,171.43
27924,50.00,48.57,57.14
27935,50.00,45.71,171.43
27947,50.00,45.71,171.43
27957,50.00,45.71,171.43
27968,50.00,48.57,57.14
27980,50.00,48.57,57.14
27992,50.00,45.71,171.43
28003,50.00,45.71,171.43
28013,50.00,45.71,171.43
28025,50.00,48.57,57.14
28035,50.00,45.71,171.43
28046,50.00,45.71,171.43
28058,50.00,48.57,57.14
28068,50.00,45.71,171.43
28081,50.00,48.57,57.14
28092,50.00,45.71,171.43
28102,50.00,45.71,171.43
28114,50.00,45.71,171.43
28125,50.00,48.57,57.14
28135,50.00,45.71,171.43
28147,50.00,48.57,57.14
28157,50.00,45.71,171.43
28168,50.00,45.71,171.43
28180,50.00,48.57,57.14
28191,50.00,45.71,171.43
28203,50.00,45.71,171.43
28213,50.00,48.57,57.14
28225,50.00,45.71,171.43
28236,50.00,45.71,171.43
28246,50.00,48.57,57.14
28258,50.00,45.71,171.43
28268,50.00,45.71,171.43
28280,50.00,48.57,57.14
28292,50.00,45.71,171.43
28302,50.00,45.71,171.43
28313,50.00,48.57,57.14
28324,50.00,45.71,171.43
28335,50.00,45.71,171.43
28347,50.00,48.57,57.14
28358,50.00,45.71,171.43
28368,50.00,45.71,171.43
28381,50.00,45.71,171.43
28391,50.00,45.71,171.43
28402,50.00,45.71,171.43
28413,50.00,48.57,57.14
28424,50.00,45.71,171.43
28436,50.00,45.71,171.43
28446,50.00,48.57,57.14
28457,50.00,45.71,171.43
28469,50.00,45.71,171.43
28480,50.00,45.71,171.43
28491,50.00,45.71,171.43
28503,50.00,48.57,57.14
28514,50.00,45.71,171.43
28524,50.00,45.71,171.43
28536,50.00,45.71,171.43
28546,50.00,48.57,57.14
28557,50.00,45.71,171.43
28568,50.00,48.57,57.14
28579,50.00,45.71,171.43
28591,50.00,45.71,171.43
